"ccaa_num","sexo","anyo","poblacion","idjoin","CCAA","Sexo","Periodo","casos","ccaa_num.y","tasa"
1,"Total",2002,1087270,"12002Total","01 Andalucía","Total",2002,934,1,85.9
1,"Total",2003,1103708,"12003Total","01 Andalucía","Total",2003,1161,1,105.19
1,"Total",2004,1112967,"12004Total","01 Andalucía","Total",2004,1185,1,106.47
1,"Total",2005,1128290,"12005Total","01 Andalucía","Total",2005,1399,1,123.99
1,"Total",2006,1150426,"12006Total","01 Andalucía","Total",2006,1492,1,129.69
1,"Total",2007,1164158,"12007Total","01 Andalucía","Total",2007,1620,1,139.16
1,"Total",2008,1187219,"12008Total","01 Andalucía","Total",2008,1717,1,144.62
1,"Total",2009,1213903,"12009Total","01 Andalucía","Total",2009,1812,1,149.27
1,"Total",2010,1243437,"12010Total","01 Andalucía","Total",2010,1821,1,146.45
1,"Total",2011,1269622,"12011Total","01 Andalucía","Total",2011,2036,1,160.36
1,"Total",2012,1290402,"12012Total","01 Andalucía","Total",2012,2245,1,173.98
1,"Total",2013,1319920,"12013Total","01 Andalucía","Total",2013,2196,1,166.37
1,"Total",2014,1349318,"12014Total","01 Andalucía","Total",2014,2386,1,176.83
1,"Total",2015,1368099,"12015Total","01 Andalucía","Total",2015,2604,1,190.34
1,"Total",2016,1386919,"12016Total","01 Andalucía","Total",2016,2468,1,177.95
1,"Total",2017,1407029,"12017Total","01 Andalucía","Total",2017,2325,1,165.24
1,"Total",2018,1429377,"12018Total","01 Andalucía","Total",2018,2479,1,173.43
1,"Total",2019,1459576,"12019Total","01 Andalucía","Total",2019,2390,1,163.75
1,"Hombres",2002,460900,"12002Hombres","01 Andalucía","Hombres",2002,323,1,70.08
1,"Hombres",2003,468064,"12003Hombres","01 Andalucía","Hombres",2003,367,1,78.41
1,"Hombres",2004,471824,"12004Hombres","01 Andalucía","Hombres",2004,419,1,88.8
1,"Hombres",2005,478643,"12005Hombres","01 Andalucía","Hombres",2005,417,1,87.12
1,"Hombres",2006,489068,"12006Hombres","01 Andalucía","Hombres",2006,472,1,96.51
1,"Hombres",2007,495527,"12007Hombres","01 Andalucía","Hombres",2007,516,1,104.13
1,"Hombres",2008,506617,"12008Hombres","01 Andalucía","Hombres",2008,518,1,102.25
1,"Hombres",2009,519485,"12009Hombres","01 Andalucía","Hombres",2009,619,1,119.16
1,"Hombres",2010,533564,"12010Hombres","01 Andalucía","Hombres",2010,623,1,116.76
1,"Hombres",2011,546187,"12011Hombres","01 Andalucía","Hombres",2011,642,1,117.54
1,"Hombres",2012,556590,"12012Hombres","01 Andalucía","Hombres",2012,699,1,125.59
1,"Hombres",2013,570851,"12013Hombres","01 Andalucía","Hombres",2013,663,1,116.14
1,"Hombres",2014,585103,"12014Hombres","01 Andalucía","Hombres",2014,713,1,121.86
1,"Hombres",2015,594638,"12015Hombres","01 Andalucía","Hombres",2015,826,1,138.91
1,"Hombres",2016,604291,"12016Hombres","01 Andalucía","Hombres",2016,750,1,124.11
1,"Hombres",2017,614753,"12017Hombres","01 Andalucía","Hombres",2017,685,1,111.43
1,"Hombres",2018,626096,"12018Hombres","01 Andalucía","Hombres",2018,771,1,123.14
1,"Hombres",2019,640745,"12019Hombres","01 Andalucía","Hombres",2019,743,1,115.96
1,"Mujeres",2002,626377,"12002Mujeres","01 Andalucía","Mujeres",2002,611,1,97.55
1,"Mujeres",2003,635640,"12003Mujeres","01 Andalucía","Mujeres",2003,794,1,124.91
1,"Mujeres",2004,641143,"12004Mujeres","01 Andalucía","Mujeres",2004,766,1,119.47
1,"Mujeres",2005,649634,"12005Mujeres","01 Andalucía","Mujeres",2005,982,1,151.16
1,"Mujeres",2006,661346,"12006Mujeres","01 Andalucía","Mujeres",2006,1020,1,154.23
1,"Mujeres",2007,668617,"12007Mujeres","01 Andalucía","Mujeres",2007,1104,1,165.12
1,"Mujeres",2008,680601,"12008Mujeres","01 Andalucía","Mujeres",2008,1199,1,176.17
1,"Mujeres",2009,694429,"12009Mujeres","01 Andalucía","Mujeres",2009,1193,1,171.8
1,"Mujeres",2010,709863,"12010Mujeres","01 Andalucía","Mujeres",2010,1198,1,168.76
1,"Mujeres",2011,723442,"12011Mujeres","01 Andalucía","Mujeres",2011,1394,1,192.69
1,"Mujeres",2012,733815,"12012Mujeres","01 Andalucía","Mujeres",2012,1546,1,210.68
1,"Mujeres",2013,749077,"12013Mujeres","01 Andalucía","Mujeres",2013,1533,1,204.65
1,"Mujeres",2014,764214,"12014Mujeres","01 Andalucía","Mujeres",2014,1673,1,218.92
1,"Mujeres",2015,773459,"12015Mujeres","01 Andalucía","Mujeres",2015,1778,1,229.88
1,"Mujeres",2016,782639,"12016Mujeres","01 Andalucía","Mujeres",2016,1718,1,219.51
1,"Mujeres",2017,792279,"12017Mujeres","01 Andalucía","Mujeres",2017,1640,1,207
1,"Mujeres",2018,803290,"12018Mujeres","01 Andalucía","Mujeres",2018,1708,1,212.63
1,"Mujeres",2019,818828,"12019Mujeres","01 Andalucía","Mujeres",2019,1647,1,201.14
2,"Total",2002,259392,"22002Total","02 Aragón","Total",2002,285,2,109.87
2,"Total",2003,259481,"22003Total","02 Aragón","Total",2003,359,2,138.35
2,"Total",2004,257734,"22004Total","02 Aragón","Total",2004,310,2,120.28
2,"Total",2005,257208,"22005Total","02 Aragón","Total",2005,331,2,128.69
2,"Total",2006,258735,"22006Total","02 Aragón","Total",2006,357,2,137.98
2,"Total",2007,259474,"22007Total","02 Aragón","Total",2007,360,2,138.74
2,"Total",2008,261144,"22008Total","02 Aragón","Total",2008,372,2,142.45
2,"Total",2009,263282,"22009Total","02 Aragón","Total",2009,438,2,166.36
2,"Total",2010,266021,"22010Total","02 Aragón","Total",2010,372,2,139.84
2,"Total",2011,268764,"22011Total","02 Aragón","Total",2011,421,2,156.64
2,"Total",2012,270218,"22012Total","02 Aragón","Total",2012,406,2,150.25
2,"Total",2013,273107,"22013Total","02 Aragón","Total",2013,369,2,135.11
2,"Total",2014,275875,"22014Total","02 Aragón","Total",2014,471,2,170.73
2,"Total",2015,277541,"22015Total","02 Aragón","Total",2015,514,2,185.2
2,"Total",2016,279521,"22016Total","02 Aragón","Total",2016,467,2,167.07
2,"Total",2017,281622,"22017Total","02 Aragón","Total",2017,524,2,186.07
2,"Total",2018,284350,"22018Total","02 Aragón","Total",2018,549,2,193.07
2,"Total",2019,287256,"22019Total","02 Aragón","Total",2019,505,2,175.8
2,"Hombres",2002,112428,"22002Hombres","02 Aragón","Hombres",2002,85,2,75.6
2,"Hombres",2003,112402,"22003Hombres","02 Aragón","Hombres",2003,117,2,104.09
2,"Hombres",2004,111496,"22004Hombres","02 Aragón","Hombres",2004,101,2,90.59
2,"Hombres",2005,111203,"22005Hombres","02 Aragón","Hombres",2005,97,2,87.23
2,"Hombres",2006,111979,"22006Hombres","02 Aragón","Hombres",2006,132,2,117.88
2,"Hombres",2007,112283,"22007Hombres","02 Aragón","Hombres",2007,100,2,89.06
2,"Hombres",2008,112992,"22008Hombres","02 Aragón","Hombres",2008,129,2,114.17
2,"Hombres",2009,113943,"22009Hombres","02 Aragón","Hombres",2009,136,2,119.36
2,"Hombres",2010,115262,"22010Hombres","02 Aragón","Hombres",2010,110,2,95.43
2,"Hombres",2011,116471,"22011Hombres","02 Aragón","Hombres",2011,127,2,109.04
2,"Hombres",2012,117226,"22012Hombres","02 Aragón","Hombres",2012,120,2,102.37
2,"Hombres",2013,118711,"22013Hombres","02 Aragón","Hombres",2013,126,2,106.14
2,"Hombres",2014,119988,"22014Hombres","02 Aragón","Hombres",2014,141,2,117.51
2,"Hombres",2015,120850,"22015Hombres","02 Aragón","Hombres",2015,149,2,123.29
2,"Hombres",2016,121693,"22016Hombres","02 Aragón","Hombres",2016,141,2,115.87
2,"Hombres",2017,122617,"22017Hombres","02 Aragón","Hombres",2017,167,2,136.2
2,"Hombres",2018,123995,"22018Hombres","02 Aragón","Hombres",2018,173,2,139.52
2,"Hombres",2019,125291,"22019Hombres","02 Aragón","Hombres",2019,158,2,126.11
2,"Mujeres",2002,146963,"22002Mujeres","02 Aragón","Mujeres",2002,200,2,136.09
2,"Mujeres",2003,147079,"22003Mujeres","02 Aragón","Mujeres",2003,242,2,164.54
2,"Mujeres",2004,146229,"22004Mujeres","02 Aragón","Mujeres",2004,209,2,142.93
2,"Mujeres",2005,146003,"22005Mujeres","02 Aragón","Mujeres",2005,234,2,160.27
2,"Mujeres",2006,146750,"22006Mujeres","02 Aragón","Mujeres",2006,225,2,153.32
2,"Mujeres",2007,147191,"22007Mujeres","02 Aragón","Mujeres",2007,260,2,176.64
2,"Mujeres",2008,148162,"22008Mujeres","02 Aragón","Mujeres",2008,243,2,164.01
2,"Mujeres",2009,149338,"22009Mujeres","02 Aragón","Mujeres",2009,302,2,202.23
2,"Mujeres",2010,150758,"22010Mujeres","02 Aragón","Mujeres",2010,262,2,173.79
2,"Mujeres",2011,152296,"22011Mujeres","02 Aragón","Mujeres",2011,294,2,193.05
2,"Mujeres",2012,152990,"22012Mujeres","02 Aragón","Mujeres",2012,286,2,186.94
2,"Mujeres",2013,154401,"22013Mujeres","02 Aragón","Mujeres",2013,243,2,157.38
2,"Mujeres",2014,155889,"22014Mujeres","02 Aragón","Mujeres",2014,330,2,211.69
2,"Mujeres",2015,156693,"22015Mujeres","02 Aragón","Mujeres",2015,365,2,232.94
2,"Mujeres",2016,157824,"22016Mujeres","02 Aragón","Mujeres",2016,326,2,206.56
2,"Mujeres",2017,159010,"22017Mujeres","02 Aragón","Mujeres",2017,357,2,224.51
2,"Mujeres",2018,160360,"22018Mujeres","02 Aragón","Mujeres",2018,376,2,234.47
2,"Mujeres",2019,161959,"22019Mujeres","02 Aragón","Mujeres",2019,347,2,214.25
3,"Total",2002,233358,"32002Total","03 Asturias, Principado de","Total",2002,265,3,113.56
3,"Total",2003,233914,"32003Total","03 Asturias, Principado de","Total",2003,281,3,120.13
3,"Total",2004,232889,"32004Total","03 Asturias, Principado de","Total",2004,305,3,130.96
3,"Total",2005,231901,"32005Total","03 Asturias, Principado de","Total",2005,293,3,126.35
3,"Total",2006,232501,"32006Total","03 Asturias, Principado de","Total",2006,314,3,135.05
3,"Total",2007,232445,"32007Total","03 Asturias, Principado de","Total",2007,311,3,133.8
3,"Total",2008,233612,"32008Total","03 Asturias, Principado de","Total",2008,326,3,139.55
3,"Total",2009,235616,"32009Total","03 Asturias, Principado de","Total",2009,328,3,139.21
3,"Total",2010,238505,"32010Total","03 Asturias, Principado de","Total",2010,350,3,146.75
3,"Total",2011,241946,"32011Total","03 Asturias, Principado de","Total",2011,330,3,136.39
3,"Total",2012,244413,"32012Total","03 Asturias, Principado de","Total",2012,355,3,145.25
3,"Total",2013,247374,"32013Total","03 Asturias, Principado de","Total",2013,378,3,152.81
3,"Total",2014,250650,"32014Total","03 Asturias, Principado de","Total",2014,376,3,150.01
3,"Total",2015,252534,"32015Total","03 Asturias, Principado de","Total",2015,370,3,146.51
3,"Total",2016,254839,"32016Total","03 Asturias, Principado de","Total",2016,307,3,120.47
3,"Total",2017,257146,"32017Total","03 Asturias, Principado de","Total",2017,342,3,133
3,"Total",2018,260271,"32018Total","03 Asturias, Principado de","Total",2018,312,3,119.88
3,"Total",2019,263844,"32019Total","03 Asturias, Principado de","Total",2019,277,3,104.99
3,"Hombres",2002,95569,"32002Hombres","03 Asturias, Principado de","Hombres",2002,76,3,79.52
3,"Hombres",2003,95609,"32003Hombres","03 Asturias, Principado de","Hombres",2003,79,3,82.63
3,"Hombres",2004,94942,"32004Hombres","03 Asturias, Principado de","Hombres",2004,87,3,91.63
3,"Hombres",2005,94466,"32005Hombres","03 Asturias, Principado de","Hombres",2005,82,3,86.8
3,"Hombres",2006,94770,"32006Hombres","03 Asturias, Principado de","Hombres",2006,89,3,93.91
3,"Hombres",2007,94720,"32007Hombres","03 Asturias, Principado de","Hombres",2007,89,3,93.96
3,"Hombres",2008,95301,"32008Hombres","03 Asturias, Principado de","Hombres",2008,74,3,77.65
3,"Hombres",2009,96282,"32009Hombres","03 Asturias, Principado de","Hombres",2009,95,3,98.67
3,"Hombres",2010,97621,"32010Hombres","03 Asturias, Principado de","Hombres",2010,96,3,98.34
3,"Hombres",2011,99191,"32011Hombres","03 Asturias, Principado de","Hombres",2011,83,3,83.68
3,"Hombres",2012,100302,"32012Hombres","03 Asturias, Principado de","Hombres",2012,81,3,80.76
3,"Hombres",2013,101679,"32013Hombres","03 Asturias, Principado de","Hombres",2013,116,3,114.08
3,"Hombres",2014,103238,"32014Hombres","03 Asturias, Principado de","Hombres",2014,93,3,90.08
3,"Hombres",2015,104384,"32015Hombres","03 Asturias, Principado de","Hombres",2015,96,3,91.97
3,"Hombres",2016,105734,"32016Hombres","03 Asturias, Principado de","Hombres",2016,72,3,68.1
3,"Hombres",2017,107078,"32017Hombres","03 Asturias, Principado de","Hombres",2017,74,3,69.11
3,"Hombres",2018,108678,"32018Hombres","03 Asturias, Principado de","Hombres",2018,75,3,69.01
3,"Hombres",2019,110580,"32019Hombres","03 Asturias, Principado de","Hombres",2019,69,3,62.4
3,"Mujeres",2002,137794,"32002Mujeres","03 Asturias, Principado de","Mujeres",2002,189,3,137.16
3,"Mujeres",2003,138308,"32003Mujeres","03 Asturias, Principado de","Mujeres",2003,202,3,146.05
3,"Mujeres",2004,137950,"32004Mujeres","03 Asturias, Principado de","Mujeres",2004,218,3,158.03
3,"Mujeres",2005,137437,"32005Mujeres","03 Asturias, Principado de","Mujeres",2005,211,3,153.52
3,"Mujeres",2006,137734,"32006Mujeres","03 Asturias, Principado de","Mujeres",2006,225,3,163.36
3,"Mujeres",2007,137722,"32007Mujeres","03 Asturias, Principado de","Mujeres",2007,222,3,161.19
3,"Mujeres",2008,138313,"32008Mujeres","03 Asturias, Principado de","Mujeres",2008,252,3,182.2
3,"Mujeres",2009,139333,"32009Mujeres","03 Asturias, Principado de","Mujeres",2009,233,3,167.23
3,"Mujeres",2010,140885,"32010Mujeres","03 Asturias, Principado de","Mujeres",2010,254,3,180.29
3,"Mujeres",2011,142751,"32011Mujeres","03 Asturias, Principado de","Mujeres",2011,247,3,173.03
3,"Mujeres",2012,144113,"32012Mujeres","03 Asturias, Principado de","Mujeres",2012,274,3,190.13
3,"Mujeres",2013,145698,"32013Mujeres","03 Asturias, Principado de","Mujeres",2013,262,3,179.82
3,"Mujeres",2014,147413,"32014Mujeres","03 Asturias, Principado de","Mujeres",2014,283,3,191.98
3,"Mujeres",2015,148148,"32015Mujeres","03 Asturias, Principado de","Mujeres",2015,274,3,184.95
3,"Mujeres",2016,149099,"32016Mujeres","03 Asturias, Principado de","Mujeres",2016,235,3,157.61
3,"Mujeres",2017,150067,"32017Mujeres","03 Asturias, Principado de","Mujeres",2017,268,3,178.59
3,"Mujeres",2018,151591,"32018Mujeres","03 Asturias, Principado de","Mujeres",2018,237,3,156.34
3,"Mujeres",2019,153261,"32019Mujeres","03 Asturias, Principado de","Mujeres",2019,208,3,135.72
4,"Total",2002,124785,"42002Total","04 Balears, Illes","Total",2002,149,4,119.41
4,"Total",2003,127056,"42003Total","04 Balears, Illes","Total",2003,171,4,134.59
4,"Total",2004,128792,"42004Total","04 Balears, Illes","Total",2004,169,4,131.22
4,"Total",2005,131484,"42005Total","04 Balears, Illes","Total",2005,168,4,127.77
4,"Total",2006,134993,"42006Total","04 Balears, Illes","Total",2006,191,4,141.49
4,"Total",2007,138512,"42007Total","04 Balears, Illes","Total",2007,182,4,131.4
4,"Total",2008,142548,"42008Total","04 Balears, Illes","Total",2008,214,4,150.12
4,"Total",2009,146696,"42009Total","04 Balears, Illes","Total",2009,288,4,196.32
4,"Total",2010,150830,"42010Total","04 Balears, Illes","Total",2010,268,4,177.68
4,"Total",2011,154960,"42011Total","04 Balears, Illes","Total",2011,227,4,146.49
4,"Total",2012,159110,"42012Total","04 Balears, Illes","Total",2012,254,4,159.64
4,"Total",2013,164033,"42013Total","04 Balears, Illes","Total",2013,258,4,157.29
4,"Total",2014,168977,"42014Total","04 Balears, Illes","Total",2014,265,4,156.83
4,"Total",2015,172641,"42015Total","04 Balears, Illes","Total",2015,322,4,186.51
4,"Total",2016,176769,"42016Total","04 Balears, Illes","Total",2016,255,4,144.26
4,"Total",2017,180930,"42017Total","04 Balears, Illes","Total",2017,305,4,168.57
4,"Total",2018,185526,"42018Total","04 Balears, Illes","Total",2018,344,4,185.42
4,"Total",2019,190364,"42019Total","04 Balears, Illes","Total",2019,308,4,161.8
4,"Hombres",2002,53089,"42002Hombres","04 Balears, Illes","Hombres",2002,52,4,97.95
4,"Hombres",2003,54105,"42003Hombres","04 Balears, Illes","Hombres",2003,46,4,85.02
4,"Hombres",2004,54902,"42004Hombres","04 Balears, Illes","Hombres",2004,51,4,92.89
4,"Hombres",2005,56249,"42005Hombres","04 Balears, Illes","Hombres",2005,49,4,87.11
4,"Hombres",2006,58062,"42006Hombres","04 Balears, Illes","Hombres",2006,53,4,91.28
4,"Hombres",2007,59878,"42007Hombres","04 Balears, Illes","Hombres",2007,53,4,88.51
4,"Hombres",2008,61904,"42008Hombres","04 Balears, Illes","Hombres",2008,57,4,92.08
4,"Hombres",2009,64004,"42009Hombres","04 Balears, Illes","Hombres",2009,83,4,129.68
4,"Hombres",2010,66103,"42010Hombres","04 Balears, Illes","Hombres",2010,79,4,119.51
4,"Hombres",2011,68249,"42011Hombres","04 Balears, Illes","Hombres",2011,65,4,95.24
4,"Hombres",2012,70322,"42012Hombres","04 Balears, Illes","Hombres",2012,72,4,102.39
4,"Hombres",2013,72746,"42013Hombres","04 Balears, Illes","Hombres",2013,83,4,114.1
4,"Hombres",2014,75139,"42014Hombres","04 Balears, Illes","Hombres",2014,75,4,99.82
4,"Hombres",2015,76864,"42015Hombres","04 Balears, Illes","Hombres",2015,97,4,126.2
4,"Hombres",2016,78868,"42016Hombres","04 Balears, Illes","Hombres",2016,66,4,83.68
4,"Hombres",2017,80992,"42017Hombres","04 Balears, Illes","Hombres",2017,81,4,100.01
4,"Hombres",2018,83261,"42018Hombres","04 Balears, Illes","Hombres",2018,101,4,121.31
4,"Hombres",2019,85526,"42019Hombres","04 Balears, Illes","Hombres",2019,102,4,119.26
4,"Mujeres",2002,71696,"42002Mujeres","04 Balears, Illes","Mujeres",2002,97,4,135.29
4,"Mujeres",2003,72946,"42003Mujeres","04 Balears, Illes","Mujeres",2003,125,4,171.36
4,"Mujeres",2004,73887,"42004Mujeres","04 Balears, Illes","Mujeres",2004,118,4,159.7
4,"Mujeres",2005,75233,"42005Mujeres","04 Balears, Illes","Mujeres",2005,119,4,158.18
4,"Mujeres",2006,76932,"42006Mujeres","04 Balears, Illes","Mujeres",2006,138,4,179.38
4,"Mujeres",2007,78632,"42007Mujeres","04 Balears, Illes","Mujeres",2007,129,4,164.06
4,"Mujeres",2008,80645,"42008Mujeres","04 Balears, Illes","Mujeres",2008,157,4,194.68
4,"Mujeres",2009,82695,"42009Mujeres","04 Balears, Illes","Mujeres",2009,205,4,247.9
4,"Mujeres",2010,84720,"42010Mujeres","04 Balears, Illes","Mujeres",2010,189,4,223.09
4,"Mujeres",2011,86712,"42011Mujeres","04 Balears, Illes","Mujeres",2011,162,4,186.83
4,"Mujeres",2012,88782,"42012Mujeres","04 Balears, Illes","Mujeres",2012,182,4,205
4,"Mujeres",2013,91289,"42013Mujeres","04 Balears, Illes","Mujeres",2013,175,4,191.7
4,"Mujeres",2014,93836,"42014Mujeres","04 Balears, Illes","Mujeres",2014,190,4,202.48
4,"Mujeres",2015,95780,"42015Mujeres","04 Balears, Illes","Mujeres",2015,225,4,234.91
4,"Mujeres",2016,97896,"42016Mujeres","04 Balears, Illes","Mujeres",2016,189,4,193.06
4,"Mujeres",2017,99941,"42017Mujeres","04 Balears, Illes","Mujeres",2017,224,4,224.13
4,"Mujeres",2018,102269,"42018Mujeres","04 Balears, Illes","Mujeres",2018,243,4,237.61
4,"Mujeres",2019,104837,"42019Mujeres","04 Balears, Illes","Mujeres",2019,206,4,196.5
5,"Total",2002,208530,"52002Total","05 Canarias","Total",2002,150,5,71.93
5,"Total",2003,215269,"52003Total","05 Canarias","Total",2003,181,5,84.08
5,"Total",2004,220692,"52004Total","05 Canarias","Total",2004,197,5,89.26
5,"Total",2005,227500,"52005Total","05 Canarias","Total",2005,191,5,83.96
5,"Total",2006,236091,"52006Total","05 Canarias","Total",2006,194,5,82.17
5,"Total",2007,244785,"52007Total","05 Canarias","Total",2007,268,5,109.48
5,"Total",2008,254533,"52008Total","05 Canarias","Total",2008,268,5,105.29
5,"Total",2009,264141,"52009Total","05 Canarias","Total",2009,303,5,114.71
5,"Total",2010,275063,"52010Total","05 Canarias","Total",2010,316,5,114.88
5,"Total",2011,285254,"52011Total","05 Canarias","Total",2011,333,5,116.74
5,"Total",2012,294730,"52012Total","05 Canarias","Total",2012,311,5,105.52
5,"Total",2013,304229,"52013Total","05 Canarias","Total",2013,360,5,118.33
5,"Total",2014,313417,"52014Total","05 Canarias","Total",2014,391,5,124.75
5,"Total",2015,321887,"52015Total","05 Canarias","Total",2015,403,5,125.2
5,"Total",2016,331339,"52016Total","05 Canarias","Total",2016,386,5,116.5
5,"Total",2017,341661,"52017Total","05 Canarias","Total",2017,438,5,128.2
5,"Total",2018,351699,"52018Total","05 Canarias","Total",2018,393,5,111.74
5,"Total",2019,363405,"52019Total","05 Canarias","Total",2019,360,5,99.06
5,"Hombres",2002,90334,"52002Hombres","05 Canarias","Hombres",2002,53,5,58.67
5,"Hombres",2003,93531,"52003Hombres","05 Canarias","Hombres",2003,68,5,72.7
5,"Hombres",2004,96079,"52004Hombres","05 Canarias","Hombres",2004,75,5,78.06
5,"Hombres",2005,99263,"52005Hombres","05 Canarias","Hombres",2005,60,5,60.45
5,"Hombres",2006,103441,"52006Hombres","05 Canarias","Hombres",2006,62,5,59.94
5,"Hombres",2007,107739,"52007Hombres","05 Canarias","Hombres",2007,95,5,88.18
5,"Hombres",2008,112558,"52008Hombres","05 Canarias","Hombres",2008,88,5,78.18
5,"Hombres",2009,117335,"52009Hombres","05 Canarias","Hombres",2009,94,5,80.11
5,"Hombres",2010,122771,"52010Hombres","05 Canarias","Hombres",2010,106,5,86.34
5,"Hombres",2011,127676,"52011Hombres","05 Canarias","Hombres",2011,110,5,86.16
5,"Hombres",2012,132106,"52012Hombres","05 Canarias","Hombres",2012,104,5,78.72
5,"Hombres",2013,136645,"52013Hombres","05 Canarias","Hombres",2013,114,5,83.43
5,"Hombres",2014,141032,"52014Hombres","05 Canarias","Hombres",2014,109,5,77.29
5,"Hombres",2015,145157,"52015Hombres","05 Canarias","Hombres",2015,119,5,81.98
5,"Hombres",2016,149608,"52016Hombres","05 Canarias","Hombres",2016,116,5,77.54
5,"Hombres",2017,154490,"52017Hombres","05 Canarias","Hombres",2017,126,5,81.56
5,"Hombres",2018,159208,"52018Hombres","05 Canarias","Hombres",2018,139,5,87.31
5,"Hombres",2019,164607,"52019Hombres","05 Canarias","Hombres",2019,118,5,71.69
5,"Mujeres",2002,118197,"52002Mujeres","05 Canarias","Mujeres",2002,97,5,82.07
5,"Mujeres",2003,121741,"52003Mujeres","05 Canarias","Mujeres",2003,113,5,92.82
5,"Mujeres",2004,124621,"52004Mujeres","05 Canarias","Mujeres",2004,122,5,97.9
5,"Mujeres",2005,128245,"52005Mujeres","05 Canarias","Mujeres",2005,131,5,102.15
5,"Mujeres",2006,132660,"52006Mujeres","05 Canarias","Mujeres",2006,132,5,99.5
5,"Mujeres",2007,137047,"52007Mujeres","05 Canarias","Mujeres",2007,173,5,126.23
5,"Mujeres",2008,141969,"52008Mujeres","05 Canarias","Mujeres",2008,180,5,126.79
5,"Mujeres",2009,146806,"52009Mujeres","05 Canarias","Mujeres",2009,209,5,142.36
5,"Mujeres",2010,152292,"52010Mujeres","05 Canarias","Mujeres",2010,210,5,137.89
5,"Mujeres",2011,157579,"52011Mujeres","05 Canarias","Mujeres",2011,223,5,141.52
5,"Mujeres",2012,162619,"52012Mujeres","05 Canarias","Mujeres",2012,207,5,127.29
5,"Mujeres",2013,167579,"52013Mujeres","05 Canarias","Mujeres",2013,246,5,146.8
5,"Mujeres",2014,172379,"52014Mujeres","05 Canarias","Mujeres",2014,282,5,163.59
5,"Mujeres",2015,176732,"52015Mujeres","05 Canarias","Mujeres",2015,284,5,160.7
5,"Mujeres",2016,181727,"52016Mujeres","05 Canarias","Mujeres",2016,270,5,148.57
5,"Mujeres",2017,187174,"52017Mujeres","05 Canarias","Mujeres",2017,312,5,166.69
5,"Mujeres",2018,192496,"52018Mujeres","05 Canarias","Mujeres",2018,254,5,131.95
5,"Mujeres",2019,198807,"52019Mujeres","05 Canarias","Mujeres",2019,242,5,121.73
6,"Total",2002,102920,"62002Total","06 Cantabria","Total",2002,68,6,66.07
6,"Total",2003,103737,"62003Total","06 Cantabria","Total",2003,105,6,101.22
6,"Total",2004,103777,"62004Total","06 Cantabria","Total",2004,77,6,74.2
6,"Total",2005,104025,"62005Total","06 Cantabria","Total",2005,97,6,93.25
6,"Total",2006,104967,"62006Total","06 Cantabria","Total",2006,96,6,91.46
6,"Total",2007,105626,"62007Total","06 Cantabria","Total",2007,105,6,99.41
6,"Total",2008,106574,"62008Total","06 Cantabria","Total",2008,133,6,124.8
6,"Total",2009,107992,"62009Total","06 Cantabria","Total",2009,102,6,94.45
6,"Total",2010,109738,"62010Total","06 Cantabria","Total",2010,128,6,116.64
6,"Total",2011,111572,"62011Total","06 Cantabria","Total",2011,150,6,134.44
6,"Total",2012,113169,"62012Total","06 Cantabria","Total",2012,183,6,161.71
6,"Total",2013,115425,"62013Total","06 Cantabria","Total",2013,173,6,149.88
6,"Total",2014,117704,"62014Total","06 Cantabria","Total",2014,179,6,152.08
6,"Total",2015,119584,"62015Total","06 Cantabria","Total",2015,221,6,184.81
6,"Total",2016,121520,"62016Total","06 Cantabria","Total",2016,214,6,176.1
6,"Total",2017,123683,"62017Total","06 Cantabria","Total",2017,199,6,160.9
6,"Total",2018,125964,"62018Total","06 Cantabria","Total",2018,195,6,154.81
6,"Total",2019,128475,"62019Total","06 Cantabria","Total",2019,181,6,140.88
6,"Hombres",2002,42730,"62002Hombres","06 Cantabria","Hombres",2002,18,6,42.12
6,"Hombres",2003,43090,"62003Hombres","06 Cantabria","Hombres",2003,28,6,64.98
6,"Hombres",2004,43033,"62004Hombres","06 Cantabria","Hombres",2004,18,6,41.83
6,"Hombres",2005,43110,"62005Hombres","06 Cantabria","Hombres",2005,23,6,53.35
6,"Hombres",2006,43424,"62006Hombres","06 Cantabria","Hombres",2006,39,6,89.81
6,"Hombres",2007,43753,"62007Hombres","06 Cantabria","Hombres",2007,33,6,75.42
6,"Hombres",2008,44193,"62008Hombres","06 Cantabria","Hombres",2008,35,6,79.2
6,"Hombres",2009,44870,"62009Hombres","06 Cantabria","Hombres",2009,30,6,66.86
6,"Hombres",2010,45621,"62010Hombres","06 Cantabria","Hombres",2010,42,6,92.06
6,"Hombres",2011,46499,"62011Hombres","06 Cantabria","Hombres",2011,43,6,92.48
6,"Hombres",2012,47365,"62012Hombres","06 Cantabria","Hombres",2012,44,6,92.9
6,"Hombres",2013,48501,"62013Hombres","06 Cantabria","Hombres",2013,52,6,107.21
6,"Hombres",2014,49662,"62014Hombres","06 Cantabria","Hombres",2014,52,6,104.71
6,"Hombres",2015,50654,"62015Hombres","06 Cantabria","Hombres",2015,58,6,114.5
6,"Hombres",2016,51640,"62016Hombres","06 Cantabria","Hombres",2016,75,6,145.24
6,"Hombres",2017,52705,"62017Hombres","06 Cantabria","Hombres",2017,59,6,111.94
6,"Hombres",2018,53794,"62018Hombres","06 Cantabria","Hombres",2018,51,6,94.81
6,"Hombres",2019,54972,"62019Hombres","06 Cantabria","Hombres",2019,58,6,105.51
6,"Mujeres",2002,60194,"62002Mujeres","06 Cantabria","Mujeres",2002,50,6,83.06
6,"Mujeres",2003,60647,"62003Mujeres","06 Cantabria","Mujeres",2003,77,6,126.96
6,"Mujeres",2004,60747,"62004Mujeres","06 Cantabria","Mujeres",2004,59,6,97.12
6,"Mujeres",2005,60911,"62005Mujeres","06 Cantabria","Mujeres",2005,74,6,121.49
6,"Mujeres",2006,61545,"62006Mujeres","06 Cantabria","Mujeres",2006,57,6,92.62
6,"Mujeres",2007,61873,"62007Mujeres","06 Cantabria","Mujeres",2007,72,6,116.37
6,"Mujeres",2008,62381,"62008Mujeres","06 Cantabria","Mujeres",2008,98,6,157.1
6,"Mujeres",2009,63124,"62009Mujeres","06 Cantabria","Mujeres",2009,72,6,114.06
6,"Mujeres",2010,64116,"62010Mujeres","06 Cantabria","Mujeres",2010,86,6,134.13
6,"Mujeres",2011,65071,"62011Mujeres","06 Cantabria","Mujeres",2011,107,6,164.44
6,"Mujeres",2012,65802,"62012Mujeres","06 Cantabria","Mujeres",2012,139,6,211.24
6,"Mujeres",2013,66924,"62013Mujeres","06 Cantabria","Mujeres",2013,121,6,180.8
6,"Mujeres",2014,68042,"62014Mujeres","06 Cantabria","Mujeres",2014,127,6,186.65
6,"Mujeres",2015,68933,"62015Mujeres","06 Cantabria","Mujeres",2015,163,6,236.46
6,"Mujeres",2016,69874,"62016Mujeres","06 Cantabria","Mujeres",2016,139,6,198.93
6,"Mujeres",2017,70974,"62017Mujeres","06 Cantabria","Mujeres",2017,140,6,197.26
6,"Mujeres",2018,72170,"62018Mujeres","06 Cantabria","Mujeres",2018,144,6,199.53
6,"Mujeres",2019,73502,"62019Mujeres","06 Cantabria","Mujeres",2019,123,6,167.34
7,"Total",2002,557488,"72002Total","07 Castilla y León","Total",2002,413,7,74.08
7,"Total",2003,559911,"72003Total","07 Castilla y León","Total",2003,513,7,91.62
7,"Total",2004,558111,"72004Total","07 Castilla y León","Total",2004,533,7,95.5
7,"Total",2005,558081,"72005Total","07 Castilla y León","Total",2005,594,7,106.44
7,"Total",2006,562351,"72006Total","07 Castilla y León","Total",2006,631,7,112.21
7,"Total",2007,564618,"72007Total","07 Castilla y León","Total",2007,624,7,110.52
7,"Total",2008,567298,"72008Total","07 Castilla y León","Total",2008,685,7,120.75
7,"Total",2009,571851,"72009Total","07 Castilla y León","Total",2009,723,7,126.43
7,"Total",2010,577478,"72010Total","07 Castilla y León","Total",2010,660,7,114.29
7,"Total",2011,582687,"72011Total","07 Castilla y León","Total",2011,725,7,124.42
7,"Total",2012,583927,"72012Total","07 Castilla y León","Total",2012,772,7,132.21
7,"Total",2013,588222,"72013Total","07 Castilla y León","Total",2013,825,7,140.25
7,"Total",2014,592622,"72014Total","07 Castilla y León","Total",2014,875,7,147.65
7,"Total",2015,595179,"72015Total","07 Castilla y León","Total",2015,968,7,162.64
7,"Total",2016,598070,"72016Total","07 Castilla y León","Total",2016,904,7,151.15
7,"Total",2017,599935,"72017Total","07 Castilla y León","Total",2017,906,7,151.02
7,"Total",2018,604289,"72018Total","07 Castilla y León","Total",2018,859,7,142.15
7,"Total",2019,609189,"72019Total","07 Castilla y León","Total",2019,889,7,145.93
7,"Hombres",2002,240436,"72002Hombres","07 Castilla y León","Hombres",2002,138,7,57.4
7,"Hombres",2003,241229,"72003Hombres","07 Castilla y León","Hombres",2003,191,7,79.18
7,"Hombres",2004,240153,"72004Hombres","07 Castilla y León","Hombres",2004,190,7,79.12
7,"Hombres",2005,240070,"72005Hombres","07 Castilla y León","Hombres",2005,181,7,75.39
7,"Hombres",2006,242060,"72006Hombres","07 Castilla y León","Hombres",2006,213,7,87.99
7,"Hombres",2007,243250,"72007Hombres","07 Castilla y León","Hombres",2007,206,7,84.69
7,"Hombres",2008,244840,"72008Hombres","07 Castilla y León","Hombres",2008,210,7,85.77
7,"Hombres",2009,247370,"72009Hombres","07 Castilla y León","Hombres",2009,256,7,103.49
7,"Hombres",2010,250369,"72010Hombres","07 Castilla y León","Hombres",2010,214,7,85.47
7,"Hombres",2011,252908,"72011Hombres","07 Castilla y León","Hombres",2011,218,7,86.2
7,"Hombres",2012,254102,"72012Hombres","07 Castilla y León","Hombres",2012,268,7,105.47
7,"Hombres",2013,256605,"72013Hombres","07 Castilla y León","Hombres",2013,240,7,93.53
7,"Hombres",2014,259229,"72014Hombres","07 Castilla y León","Hombres",2014,254,7,97.98
7,"Hombres",2015,261084,"72015Hombres","07 Castilla y León","Hombres",2015,300,7,114.91
7,"Hombres",2016,263138,"72016Hombres","07 Castilla y León","Hombres",2016,254,7,96.53
7,"Hombres",2017,264804,"72017Hombres","07 Castilla y León","Hombres",2017,253,7,95.54
7,"Hombres",2018,267827,"72018Hombres","07 Castilla y León","Hombres",2018,228,7,85.13
7,"Hombres",2019,270956,"72019Hombres","07 Castilla y León","Hombres",2019,269,7,99.28
7,"Mujeres",2002,317037,"72002Mujeres","07 Castilla y León","Mujeres",2002,275,7,86.74
7,"Mujeres",2003,318675,"72003Mujeres","07 Castilla y León","Mujeres",2003,322,7,101.04
7,"Mujeres",2004,317959,"72004Mujeres","07 Castilla y León","Mujeres",2004,343,7,107.88
7,"Mujeres",2005,318030,"72005Mujeres","07 Castilla y León","Mujeres",2005,413,7,129.86
7,"Mujeres",2006,320269,"72006Mujeres","07 Castilla y León","Mujeres",2006,418,7,130.52
7,"Mujeres",2007,321366,"72007Mujeres","07 Castilla y León","Mujeres",2007,418,7,130.07
7,"Mujeres",2008,322477,"72008Mujeres","07 Castilla y León","Mujeres",2008,475,7,147.3
7,"Mujeres",2009,324480,"72009Mujeres","07 Castilla y León","Mujeres",2009,467,7,143.92
7,"Mujeres",2010,327123,"72010Mujeres","07 Castilla y León","Mujeres",2010,446,7,136.34
7,"Mujeres",2011,329773,"72011Mujeres","07 Castilla y León","Mujeres",2011,507,7,153.74
7,"Mujeres",2012,329823,"72012Mujeres","07 Castilla y León","Mujeres",2012,504,7,152.81
7,"Mujeres",2013,331624,"72013Mujeres","07 Castilla y León","Mujeres",2013,585,7,176.4
7,"Mujeres",2014,333399,"72014Mujeres","07 Castilla y León","Mujeres",2014,621,7,186.26
7,"Mujeres",2015,334092,"72015Mujeres","07 Castilla y León","Mujeres",2015,668,7,199.94
7,"Mujeres",2016,334933,"72016Mujeres","07 Castilla y León","Mujeres",2016,650,7,194.07
7,"Mujeres",2017,335140,"72017Mujeres","07 Castilla y León","Mujeres",2017,653,7,194.84
7,"Mujeres",2018,336458,"72018Mujeres","07 Castilla y León","Mujeres",2018,631,7,187.54
7,"Mujeres",2019,338231,"72019Mujeres","07 Castilla y León","Mujeres",2019,620,7,183.31
8,"Total",2002,349403,"82002Total","08 Castilla - La Mancha","Total",2002,330,8,94.45
8,"Total",2003,353094,"82003Total","08 Castilla - La Mancha","Total",2003,370,8,104.79
8,"Total",2004,351927,"82004Total","08 Castilla - La Mancha","Total",2004,402,8,114.23
8,"Total",2005,353256,"82005Total","08 Castilla - La Mancha","Total",2005,433,8,122.57
8,"Total",2006,357582,"82006Total","08 Castilla - La Mancha","Total",2006,419,8,117.18
8,"Total",2007,358024,"82007Total","08 Castilla - La Mancha","Total",2007,433,8,120.94
8,"Total",2008,360286,"82008Total","08 Castilla - La Mancha","Total",2008,429,8,119.07
8,"Total",2009,364005,"82009Total","08 Castilla - La Mancha","Total",2009,471,8,129.39
8,"Total",2010,368152,"82010Total","08 Castilla - La Mancha","Total",2010,498,8,135.27
8,"Total",2011,370915,"82011Total","08 Castilla - La Mancha","Total",2011,504,8,135.88
8,"Total",2012,370596,"82012Total","08 Castilla - La Mancha","Total",2012,599,8,161.63
8,"Total",2013,372862,"82013Total","08 Castilla - La Mancha","Total",2013,580,8,155.55
8,"Total",2014,375697,"82014Total","08 Castilla - La Mancha","Total",2014,645,8,171.68
8,"Total",2015,377317,"82015Total","08 Castilla - La Mancha","Total",2015,749,8,198.51
8,"Total",2016,378992,"82016Total","08 Castilla - La Mancha","Total",2016,628,8,165.7
8,"Total",2017,380799,"82017Total","08 Castilla - La Mancha","Total",2017,703,8,184.61
8,"Total",2018,383670,"82018Total","08 Castilla - La Mancha","Total",2018,636,8,165.77
8,"Total",2019,387763,"82019Total","08 Castilla - La Mancha","Total",2019,616,8,158.86
8,"Hombres",2002,154678,"82002Hombres","08 Castilla - La Mancha","Hombres",2002,112,8,72.41
8,"Hombres",2003,156287,"82003Hombres","08 Castilla - La Mancha","Hombres",2003,109,8,69.74
8,"Hombres",2004,155465,"82004Hombres","08 Castilla - La Mancha","Hombres",2004,127,8,81.69
8,"Hombres",2005,155879,"82005Hombres","08 Castilla - La Mancha","Hombres",2005,146,8,93.66
8,"Hombres",2006,157805,"82006Hombres","08 Castilla - La Mancha","Hombres",2006,139,8,88.08
8,"Hombres",2007,157853,"82007Hombres","08 Castilla - La Mancha","Hombres",2007,135,8,85.52
8,"Hombres",2008,158726,"82008Hombres","08 Castilla - La Mancha","Hombres",2008,157,8,98.91
8,"Hombres",2009,160330,"82009Hombres","08 Castilla - La Mancha","Hombres",2009,155,8,96.68
8,"Hombres",2010,162347,"82010Hombres","08 Castilla - La Mancha","Hombres",2010,149,8,91.78
8,"Hombres",2011,163621,"82011Hombres","08 Castilla - La Mancha","Hombres",2011,176,8,107.57
8,"Hombres",2012,163584,"82012Hombres","08 Castilla - La Mancha","Hombres",2012,175,8,106.98
8,"Hombres",2013,164895,"82013Hombres","08 Castilla - La Mancha","Hombres",2013,194,8,117.65
8,"Hombres",2014,166410,"82014Hombres","08 Castilla - La Mancha","Hombres",2014,205,8,123.19
8,"Hombres",2015,167489,"82015Hombres","08 Castilla - La Mancha","Hombres",2015,215,8,128.37
8,"Hombres",2016,168489,"82016Hombres","08 Castilla - La Mancha","Hombres",2016,184,8,109.21
8,"Hombres",2017,169574,"82017Hombres","08 Castilla - La Mancha","Hombres",2017,219,8,129.15
8,"Hombres",2018,171266,"82018Hombres","08 Castilla - La Mancha","Hombres",2018,179,8,104.52
8,"Hombres",2019,173557,"82019Hombres","08 Castilla - La Mancha","Hombres",2019,186,8,107.17
8,"Mujeres",2002,194708,"82002Mujeres","08 Castilla - La Mancha","Mujeres",2002,218,8,111.96
8,"Mujeres",2003,196804,"82003Mujeres","08 Castilla - La Mancha","Mujeres",2003,261,8,132.62
8,"Mujeres",2004,196456,"82004Mujeres","08 Castilla - La Mancha","Mujeres",2004,275,8,139.98
8,"Mujeres",2005,197369,"82005Mujeres","08 Castilla - La Mancha","Mujeres",2005,287,8,145.41
8,"Mujeres",2006,199775,"82006Mujeres","08 Castilla - La Mancha","Mujeres",2006,280,8,140.16
8,"Mujeres",2007,200166,"82007Mujeres","08 Castilla - La Mancha","Mujeres",2007,298,8,148.88
8,"Mujeres",2008,201571,"82008Mujeres","08 Castilla - La Mancha","Mujeres",2008,272,8,134.94
8,"Mujeres",2009,203671,"82009Mujeres","08 Castilla - La Mancha","Mujeres",2009,316,8,155.15
8,"Mujeres",2010,205809,"82010Mujeres","08 Castilla - La Mancha","Mujeres",2010,349,8,169.57
8,"Mujeres",2011,207291,"82011Mujeres","08 Castilla - La Mancha","Mujeres",2011,328,8,158.23
8,"Mujeres",2012,206999,"82012Mujeres","08 Castilla - La Mancha","Mujeres",2012,424,8,204.83
8,"Mujeres",2013,207963,"82013Mujeres","08 Castilla - La Mancha","Mujeres",2013,386,8,185.61
8,"Mujeres",2014,209286,"82014Mujeres","08 Castilla - La Mancha","Mujeres",2014,440,8,210.24
8,"Mujeres",2015,209826,"82015Mujeres","08 Castilla - La Mancha","Mujeres",2015,534,8,254.5
8,"Mujeres",2016,210501,"82016Mujeres","08 Castilla - La Mancha","Mujeres",2016,444,8,210.93
8,"Mujeres",2017,211220,"82017Mujeres","08 Castilla - La Mancha","Mujeres",2017,484,8,229.14
8,"Mujeres",2018,212402,"82018Mujeres","08 Castilla - La Mancha","Mujeres",2018,457,8,215.16
8,"Mujeres",2019,214210,"82019Mujeres","08 Castilla - La Mancha","Mujeres",2019,430,8,200.74
9,"Total",2002,1113875,"92002Total","09 Cataluña","Total",2002,1401,9,125.78
9,"Total",2003,1127837,"92003Total","09 Cataluña","Total",2003,1726,9,153.04
9,"Total",2004,1129056,"92004Total","09 Cataluña","Total",2004,1456,9,128.96
9,"Total",2005,1138355,"92005Total","09 Cataluña","Total",2005,1827,9,160.49
9,"Total",2006,1159154,"92006Total","09 Cataluña","Total",2006,1790,9,154.42
9,"Total",2007,1171921,"92007Total","09 Cataluña","Total",2007,2073,9,176.89
9,"Total",2008,1190835,"92008Total","09 Cataluña","Total",2008,2125,9,178.45
9,"Total",2009,1214614,"92009Total","09 Cataluña","Total",2009,2195,9,180.72
9,"Total",2010,1241634,"92010Total","09 Cataluña","Total",2010,2274,9,183.15
9,"Total",2011,1269134,"92011Total","09 Cataluña","Total",2011,2343,9,184.61
9,"Total",2012,1291194,"92012Total","09 Cataluña","Total",2012,2661,9,206.09
9,"Total",2013,1319960,"92013Total","09 Cataluña","Total",2013,2573,9,194.93
9,"Total",2014,1347584,"92014Total","09 Cataluña","Total",2014,2842,9,210.9
9,"Total",2015,1369221,"92015Total","09 Cataluña","Total",2015,1992,9,145.48
9,"Total",2016,1389747,"92016Total","09 Cataluña","Total",2016,2990,9,215.15
9,"Total",2017,1411714,"92017Total","09 Cataluña","Total",2017,2050,9,145.21
9,"Total",2018,1433194,"92018Total","09 Cataluña","Total",2018,2700,9,188.39
9,"Total",2019,1457617,"92019Total","09 Cataluña","Total",2019,2473,9,169.66
9,"Hombres",2002,465184,"92002Hombres","09 Cataluña","Hombres",2002,398,9,85.56
9,"Hombres",2003,471435,"92003Hombres","09 Cataluña","Hombres",2003,481,9,102.03
9,"Hombres",2004,471632,"92004Hombres","09 Cataluña","Hombres",2004,419,9,88.84
9,"Hombres",2005,476157,"92005Hombres","09 Cataluña","Hombres",2005,538,9,112.99
9,"Hombres",2006,485973,"92006Hombres","09 Cataluña","Hombres",2006,492,9,101.24
9,"Hombres",2007,491910,"92007Hombres","09 Cataluña","Hombres",2007,583,9,118.52
9,"Hombres",2008,500850,"92008Hombres","09 Cataluña","Hombres",2008,621,9,123.99
9,"Hombres",2009,512302,"92009Hombres","09 Cataluña","Hombres",2009,621,9,121.22
9,"Hombres",2010,525154,"92010Hombres","09 Cataluña","Hombres",2010,624,9,118.82
9,"Hombres",2011,537902,"92011Hombres","09 Cataluña","Hombres",2011,660,9,122.7
9,"Hombres",2012,548435,"92012Hombres","09 Cataluña","Hombres",2012,737,9,134.38
9,"Hombres",2013,562030,"92013Hombres","09 Cataluña","Hombres",2013,703,9,125.08
9,"Hombres",2014,575148,"92014Hombres","09 Cataluña","Hombres",2014,789,9,137.18
9,"Hombres",2015,585647,"92015Hombres","09 Cataluña","Hombres",2015,850,9,145.14
9,"Hombres",2016,595159,"92016Hombres","09 Cataluña","Hombres",2016,857,9,144
9,"Hombres",2017,605625,"92017Hombres","09 Cataluña","Hombres",2017,867,9,143.16
9,"Hombres",2018,615659,"92018Hombres","09 Cataluña","Hombres",2018,781,9,126.86
9,"Hombres",2019,626951,"92019Hombres","09 Cataluña","Hombres",2019,704,9,112.29
9,"Mujeres",2002,648697,"92002Mujeres","09 Cataluña","Mujeres",2002,1003,9,154.62
9,"Mujeres",2003,656406,"92003Mujeres","09 Cataluña","Mujeres",2003,1245,9,189.67
9,"Mujeres",2004,657424,"92004Mujeres","09 Cataluña","Mujeres",2004,1037,9,157.74
9,"Mujeres",2005,662202,"92005Mujeres","09 Cataluña","Mujeres",2005,1289,9,194.65
9,"Mujeres",2006,673176,"92006Mujeres","09 Cataluña","Mujeres",2006,1298,9,192.82
9,"Mujeres",2007,680004,"92007Mujeres","09 Cataluña","Mujeres",2007,1490,9,219.12
9,"Mujeres",2008,689995,"92008Mujeres","09 Cataluña","Mujeres",2008,1504,9,217.97
9,"Mujeres",2009,702312,"92009Mujeres","09 Cataluña","Mujeres",2009,1574,9,224.12
9,"Mujeres",2010,716483,"92010Mujeres","09 Cataluña","Mujeres",2010,1650,9,230.29
9,"Mujeres",2011,731230,"92011Mujeres","09 Cataluña","Mujeres",2011,1683,9,230.16
9,"Mujeres",2012,742763,"92012Mujeres","09 Cataluña","Mujeres",2012,1924,9,259.03
9,"Mujeres",2013,757932,"92013Mujeres","09 Cataluña","Mujeres",2013,1870,9,246.72
9,"Mujeres",2014,772434,"92014Mujeres","09 Cataluña","Mujeres",2014,2053,9,265.78
9,"Mujeres",2015,783575,"92015Mujeres","09 Cataluña","Mujeres",2015,2156,9,275.15
9,"Mujeres",2016,794593,"92016Mujeres","09 Cataluña","Mujeres",2016,2133,9,268.44
9,"Mujeres",2017,806087,"92017Mujeres","09 Cataluña","Mujeres",2017,2208,9,273.92
9,"Mujeres",2018,817532,"92018Mujeres","09 Cataluña","Mujeres",2018,1919,9,234.73
9,"Mujeres",2019,830663,"92019Mujeres","09 Cataluña","Mujeres",2019,1769,9,212.96
10,"Total",2002,694753,"102002Total","10 Comunitat Valenciana","Total",2002,808,10,116.3
10,"Total",2003,711774,"102003Total","10 Comunitat Valenciana","Total",2003,1106,10,155.39
10,"Total",2004,722733,"102004Total","10 Comunitat Valenciana","Total",2004,1032,10,142.79
10,"Total",2005,738929,"102005Total","10 Comunitat Valenciana","Total",2005,1082,10,146.43
10,"Total",2006,761492,"102006Total","10 Comunitat Valenciana","Total",2006,1061,10,139.33
10,"Total",2007,777203,"102007Total","10 Comunitat Valenciana","Total",2007,1116,10,143.59
10,"Total",2008,795543,"102008Total","10 Comunitat Valenciana","Total",2008,1230,10,154.61
10,"Total",2009,813803,"102009Total","10 Comunitat Valenciana","Total",2009,1347,10,165.52
10,"Total",2010,833330,"102010Total","10 Comunitat Valenciana","Total",2010,1405,10,168.6
10,"Total",2011,852281,"102011Total","10 Comunitat Valenciana","Total",2011,1450,10,170.13
10,"Total",2012,869886,"102012Total","10 Comunitat Valenciana","Total",2012,1655,10,190.25
10,"Total",2013,889104,"102013Total","10 Comunitat Valenciana","Total",2013,1606,10,180.63
10,"Total",2014,908064,"102014Total","10 Comunitat Valenciana","Total",2014,1838,10,202.41
10,"Total",2015,919373,"102015Total","10 Comunitat Valenciana","Total",2015,1979,10,215.26
10,"Total",2016,932232,"102016Total","10 Comunitat Valenciana","Total",2016,1795,10,192.55
10,"Total",2017,946043,"102017Total","10 Comunitat Valenciana","Total",2017,1988,10,210.14
10,"Total",2018,960205,"102018Total","10 Comunitat Valenciana","Total",2018,2012,10,209.54
10,"Total",2019,979556,"102019Total","10 Comunitat Valenciana","Total",2019,2100,10,214.38
10,"Hombres",2002,297125,"102002Hombres","10 Comunitat Valenciana","Hombres",2002,261,10,87.84
10,"Hombres",2003,305239,"102003Hombres","10 Comunitat Valenciana","Hombres",2003,374,10,122.53
10,"Hombres",2004,310607,"102004Hombres","10 Comunitat Valenciana","Hombres",2004,320,10,103.02
10,"Hombres",2005,318469,"102005Hombres","10 Comunitat Valenciana","Hombres",2005,353,10,110.84
10,"Hombres",2006,329518,"102006Hombres","10 Comunitat Valenciana","Hombres",2006,330,10,100.15
10,"Hombres",2007,337150,"102007Hombres","10 Comunitat Valenciana","Hombres",2007,335,10,99.36
10,"Hombres",2008,345737,"102008Hombres","10 Comunitat Valenciana","Hombres",2008,399,10,115.41
10,"Hombres",2009,354326,"102009Hombres","10 Comunitat Valenciana","Hombres",2009,445,10,125.59
10,"Hombres",2010,363350,"102010Hombres","10 Comunitat Valenciana","Hombres",2010,426,10,117.24
10,"Hombres",2011,372222,"102011Hombres","10 Comunitat Valenciana","Hombres",2011,458,10,123.04
10,"Hombres",2012,380549,"102012Hombres","10 Comunitat Valenciana","Hombres",2012,511,10,134.28
10,"Hombres",2013,389770,"102013Hombres","10 Comunitat Valenciana","Hombres",2013,510,10,130.85
10,"Hombres",2014,398520,"102014Hombres","10 Comunitat Valenciana","Hombres",2014,551,10,138.26
10,"Hombres",2015,403245,"102015Hombres","10 Comunitat Valenciana","Hombres",2015,601,10,149.04
10,"Hombres",2016,409103,"102016Hombres","10 Comunitat Valenciana","Hombres",2016,533,10,130.29
10,"Hombres",2017,415647,"102017Hombres","10 Comunitat Valenciana","Hombres",2017,596,10,143.39
10,"Hombres",2018,422219,"102018Hombres","10 Comunitat Valenciana","Hombres",2018,651,10,154.19
10,"Hombres",2019,431075,"102019Hombres","10 Comunitat Valenciana","Hombres",2019,694,10,160.99
10,"Mujeres",2002,397617,"102002Mujeres","10 Comunitat Valenciana","Mujeres",2002,547,10,137.57
10,"Mujeres",2003,406544,"102003Mujeres","10 Comunitat Valenciana","Mujeres",2003,732,10,180.05
10,"Mujeres",2004,412126,"102004Mujeres","10 Comunitat Valenciana","Mujeres",2004,712,10,172.76
10,"Mujeres",2005,420457,"102005Mujeres","10 Comunitat Valenciana","Mujeres",2005,729,10,173.38
10,"Mujeres",2006,431984,"102006Mujeres","10 Comunitat Valenciana","Mujeres",2006,731,10,169.22
10,"Mujeres",2007,440052,"102007Mujeres","10 Comunitat Valenciana","Mujeres",2007,781,10,177.48
10,"Mujeres",2008,449806,"102008Mujeres","10 Comunitat Valenciana","Mujeres",2008,831,10,184.75
10,"Mujeres",2009,459473,"102009Mujeres","10 Comunitat Valenciana","Mujeres",2009,902,10,196.31
10,"Mujeres",2010,469988,"102010Mujeres","10 Comunitat Valenciana","Mujeres",2010,979,10,208.3
10,"Mujeres",2011,480065,"102011Mujeres","10 Comunitat Valenciana","Mujeres",2011,992,10,206.64
10,"Mujeres",2012,489342,"102012Mujeres","10 Comunitat Valenciana","Mujeres",2012,1144,10,233.78
10,"Mujeres",2013,499335,"102013Mujeres","10 Comunitat Valenciana","Mujeres",2013,1096,10,219.49
10,"Mujeres",2014,509544,"102014Mujeres","10 Comunitat Valenciana","Mujeres",2014,1287,10,252.58
10,"Mujeres",2015,516123,"102015Mujeres","10 Comunitat Valenciana","Mujeres",2015,1378,10,266.99
10,"Mujeres",2016,523134,"102016Mujeres","10 Comunitat Valenciana","Mujeres",2016,1262,10,241.24
10,"Mujeres",2017,530401,"102017Mujeres","10 Comunitat Valenciana","Mujeres",2017,1392,10,262.44
10,"Mujeres",2018,537988,"102018Mujeres","10 Comunitat Valenciana","Mujeres",2018,1361,10,252.98
10,"Mujeres",2019,548485,"102019Mujeres","10 Comunitat Valenciana","Mujeres",2019,1406,10,256.34
11,"Total",2002,202266,"112002Total","11 Extremadura","Total",2002,176,11,87.01
11,"Total",2003,203087,"112003Total","11 Extremadura","Total",2003,177,11,87.15
11,"Total",2004,202432,"112004Total","11 Extremadura","Total",2004,181,11,89.41
11,"Total",2005,203104,"112005Total","11 Extremadura","Total",2005,221,11,108.81
11,"Total",2006,204325,"112006Total","11 Extremadura","Total",2006,223,11,109.14
11,"Total",2007,204271,"112007Total","11 Extremadura","Total",2007,239,11,117
11,"Total",2008,205644,"112008Total","11 Extremadura","Total",2008,244,11,118.65
11,"Total",2009,208071,"112009Total","11 Extremadura","Total",2009,269,11,129.28
11,"Total",2010,210080,"112010Total","11 Extremadura","Total",2010,274,11,130.43
11,"Total",2011,211740,"112011Total","11 Extremadura","Total",2011,279,11,131.77
11,"Total",2012,211760,"112012Total","11 Extremadura","Total",2012,273,11,128.92
11,"Total",2013,213422,"112013Total","11 Extremadura","Total",2013,296,11,138.69
11,"Total",2014,214978,"112014Total","11 Extremadura","Total",2014,332,11,154.43
11,"Total",2015,215366,"112015Total","11 Extremadura","Total",2015,350,11,162.51
11,"Total",2016,216184,"112016Total","11 Extremadura","Total",2016,306,11,141.55
11,"Total",2017,216916,"112017Total","11 Extremadura","Total",2017,357,11,164.58
11,"Total",2018,218450,"112018Total","11 Extremadura","Total",2018,349,11,159.76
11,"Total",2019,220484,"112019Total","11 Extremadura","Total",2019,304,11,137.88
11,"Hombres",2002,86712,"112002Hombres","11 Extremadura","Hombres",2002,53,11,61.12
11,"Hombres",2003,86961,"112003Hombres","11 Extremadura","Hombres",2003,56,11,64.4
11,"Hombres",2004,86660,"112004Hombres","11 Extremadura","Hombres",2004,65,11,75.01
11,"Hombres",2005,86817,"112005Hombres","11 Extremadura","Hombres",2005,65,11,74.87
11,"Hombres",2006,87346,"112006Hombres","11 Extremadura","Hombres",2006,77,11,88.16
11,"Hombres",2007,87335,"112007Hombres","11 Extremadura","Hombres",2007,75,11,85.88
11,"Hombres",2008,88091,"112008Hombres","11 Extremadura","Hombres",2008,81,11,91.95
11,"Hombres",2009,89219,"112009Hombres","11 Extremadura","Hombres",2009,90,11,100.88
11,"Hombres",2010,90235,"112010Hombres","11 Extremadura","Hombres",2010,85,11,94.2
11,"Hombres",2011,91171,"112011Hombres","11 Extremadura","Hombres",2011,70,11,76.78
11,"Hombres",2012,91308,"112012Hombres","11 Extremadura","Hombres",2012,89,11,97.47
11,"Hombres",2013,92230,"112013Hombres","11 Extremadura","Hombres",2013,93,11,100.83
11,"Hombres",2014,93131,"112014Hombres","11 Extremadura","Hombres",2014,100,11,107.38
11,"Hombres",2015,93506,"112015Hombres","11 Extremadura","Hombres",2015,95,11,101.6
11,"Hombres",2016,94234,"112016Hombres","11 Extremadura","Hombres",2016,85,11,90.2
11,"Hombres",2017,95025,"112017Hombres","11 Extremadura","Hombres",2017,108,11,113.65
11,"Hombres",2018,96176,"112018Hombres","11 Extremadura","Hombres",2018,110,11,114.37
11,"Hombres",2019,97542,"112019Hombres","11 Extremadura","Hombres",2019,84,11,86.12
11,"Mujeres",2002,115546,"112002Mujeres","11 Extremadura","Mujeres",2002,123,11,106.45
11,"Mujeres",2003,116120,"112003Mujeres","11 Extremadura","Mujeres",2003,121,11,104.2
11,"Mujeres",2004,115773,"112004Mujeres","11 Extremadura","Mujeres",2004,116,11,100.2
11,"Mujeres",2005,116280,"112005Mujeres","11 Extremadura","Mujeres",2005,156,11,134.16
11,"Mujeres",2006,116981,"112006Mujeres","11 Extremadura","Mujeres",2006,146,11,124.81
11,"Mujeres",2007,116946,"112007Mujeres","11 Extremadura","Mujeres",2007,164,11,140.24
11,"Mujeres",2008,117543,"112008Mujeres","11 Extremadura","Mujeres",2008,163,11,138.67
11,"Mujeres",2009,118859,"112009Mujeres","11 Extremadura","Mujeres",2009,179,11,150.6
11,"Mujeres",2010,119839,"112010Mujeres","11 Extremadura","Mujeres",2010,189,11,157.71
11,"Mujeres",2011,120571,"112011Mujeres","11 Extremadura","Mujeres",2011,209,11,173.34
11,"Mujeres",2012,120446,"112012Mujeres","11 Extremadura","Mujeres",2012,184,11,152.77
11,"Mujeres",2013,121189,"112013Mujeres","11 Extremadura","Mujeres",2013,203,11,167.51
11,"Mujeres",2014,121844,"112014Mujeres","11 Extremadura","Mujeres",2014,232,11,190.41
11,"Mujeres",2015,121861,"112015Mujeres","11 Extremadura","Mujeres",2015,255,11,209.25
11,"Mujeres",2016,121944,"112016Mujeres","11 Extremadura","Mujeres",2016,221,11,181.23
11,"Mujeres",2017,121886,"112017Mujeres","11 Extremadura","Mujeres",2017,249,11,204.29
11,"Mujeres",2018,122272,"112018Mujeres","11 Extremadura","Mujeres",2018,239,11,195.47
11,"Mujeres",2019,122942,"112019Mujeres","11 Extremadura","Mujeres",2019,220,11,178.95
12,"Total",2002,571195,"122002Total","12 Galicia","Total",2002,390,12,68.28
12,"Total",2003,575670,"122003Total","12 Galicia","Total",2003,451,12,78.34
12,"Total",2004,576443,"122004Total","12 Galicia","Total",2004,454,12,78.76
12,"Total",2005,580292,"122005Total","12 Galicia","Total",2005,575,12,99.09
12,"Total",2006,587520,"122006Total","12 Galicia","Total",2006,573,12,97.53
12,"Total",2007,592726,"122007Total","12 Galicia","Total",2007,608,12,102.58
12,"Total",2008,599370,"122008Total","12 Galicia","Total",2008,626,12,104.44
12,"Total",2009,608192,"122009Total","12 Galicia","Total",2009,690,12,113.45
12,"Total",2010,617915,"122010Total","12 Galicia","Total",2010,721,12,116.68
12,"Total",2011,627889,"122011Total","12 Galicia","Total",2011,739,12,117.7
12,"Total",2012,634461,"122012Total","12 Galicia","Total",2012,767,12,120.89
12,"Total",2013,642108,"122013Total","12 Galicia","Total",2013,656,12,102.16
12,"Total",2014,650716,"122014Total","12 Galicia","Total",2014,705,12,108.34
12,"Total",2015,657209,"122015Total","12 Galicia","Total",2015,738,12,112.29
12,"Total",2016,662625,"122016Total","12 Galicia","Total",2016,801,12,120.88
12,"Total",2017,668216,"122017Total","12 Galicia","Total",2017,723,12,108.2
12,"Total",2018,674895,"122018Total","12 Galicia","Total",2018,777,12,115.13
12,"Total",2019,682829,"122019Total","12 Galicia","Total",2019,794,12,116.28
12,"Hombres",2002,234832,"122002Hombres","12 Galicia","Hombres",2002,119,12,50.67
12,"Hombres",2003,236918,"122003Hombres","12 Galicia","Hombres",2003,124,12,52.34
12,"Hombres",2004,237304,"122004Hombres","12 Galicia","Hombres",2004,130,12,54.78
12,"Hombres",2005,239050,"122005Hombres","12 Galicia","Hombres",2005,169,12,70.7
12,"Hombres",2006,242690,"122006Hombres","12 Galicia","Hombres",2006,163,12,67.16
12,"Hombres",2007,245427,"122007Hombres","12 Galicia","Hombres",2007,152,12,61.93
12,"Hombres",2008,248754,"122008Hombres","12 Galicia","Hombres",2008,173,12,69.55
12,"Hombres",2009,253378,"122009Hombres","12 Galicia","Hombres",2009,190,12,74.99
12,"Hombres",2010,258426,"122010Hombres","12 Galicia","Hombres",2010,231,12,89.39
12,"Hombres",2011,263488,"122011Hombres","12 Galicia","Hombres",2011,203,12,77.04
12,"Hombres",2012,267063,"122012Hombres","12 Galicia","Hombres",2012,225,12,84.25
12,"Hombres",2013,271007,"122013Hombres","12 Galicia","Hombres",2013,193,12,71.22
12,"Hombres",2014,275594,"122014Hombres","12 Galicia","Hombres",2014,212,12,76.92
12,"Hombres",2015,279211,"122015Hombres","12 Galicia","Hombres",2015,227,12,81.3
12,"Hombres",2016,282292,"122016Hombres","12 Galicia","Hombres",2016,245,12,86.79
12,"Hombres",2017,285265,"122017Hombres","12 Galicia","Hombres",2017,203,12,71.16
12,"Hombres",2018,288787,"122018Hombres","12 Galicia","Hombres",2018,234,12,81.03
12,"Hombres",2019,292577,"122019Hombres","12 Galicia","Hombres",2019,213,12,72.8
12,"Mujeres",2002,336360,"122002Mujeres","12 Galicia","Mujeres",2002,271,12,80.57
12,"Mujeres",2003,338754,"122003Mujeres","12 Galicia","Mujeres",2003,327,12,96.53
12,"Mujeres",2004,339144,"122004Mujeres","12 Galicia","Mujeres",2004,324,12,95.53
12,"Mujeres",2005,341247,"122005Mujeres","12 Galicia","Mujeres",2005,406,12,118.98
12,"Mujeres",2006,344840,"122006Mujeres","12 Galicia","Mujeres",2006,410,12,118.9
12,"Mujeres",2007,347294,"122007Mujeres","12 Galicia","Mujeres",2007,456,12,131.3
12,"Mujeres",2008,350616,"122008Mujeres","12 Galicia","Mujeres",2008,453,12,129.2
12,"Mujeres",2009,354809,"122009Mujeres","12 Galicia","Mujeres",2009,500,12,140.92
12,"Mujeres",2010,359485,"122010Mujeres","12 Galicia","Mujeres",2010,490,12,136.31
12,"Mujeres",2011,364407,"122011Mujeres","12 Galicia","Mujeres",2011,536,12,147.09
12,"Mujeres",2012,367406,"122012Mujeres","12 Galicia","Mujeres",2012,542,12,147.52
12,"Mujeres",2013,371105,"122013Mujeres","12 Galicia","Mujeres",2013,463,12,124.76
12,"Mujeres",2014,375121,"122014Mujeres","12 Galicia","Mujeres",2014,493,12,131.42
12,"Mujeres",2015,377990,"122015Mujeres","12 Galicia","Mujeres",2015,511,12,135.19
12,"Mujeres",2016,380327,"122016Mujeres","12 Galicia","Mujeres",2016,556,12,146.19
12,"Mujeres",2017,382959,"122017Mujeres","12 Galicia","Mujeres",2017,520,12,135.78
12,"Mujeres",2018,386127,"122018Mujeres","12 Galicia","Mujeres",2018,543,12,140.63
12,"Mujeres",2019,390248,"122019Mujeres","12 Galicia","Mujeres",2019,581,12,148.88
13,"Total",2002,801268,"132002Total","13 Madrid, Comunidad de","Total",2002,557,13,69.51
13,"Total",2003,815288,"132003Total","13 Madrid, Comunidad de","Total",2003,665,13,81.57
13,"Total",2004,822877,"132004Total","13 Madrid, Comunidad de","Total",2004,723,13,87.86
13,"Total",2005,836449,"132005Total","13 Madrid, Comunidad de","Total",2005,710,13,84.88
13,"Total",2006,857441,"132006Total","13 Madrid, Comunidad de","Total",2006,676,13,78.84
13,"Total",2007,873261,"132007Total","13 Madrid, Comunidad de","Total",2007,719,13,82.34
13,"Total",2008,896379,"132008Total","13 Madrid, Comunidad de","Total",2008,705,13,78.65
13,"Total",2009,923566,"132009Total","13 Madrid, Comunidad de","Total",2009,813,13,88.03
13,"Total",2010,951597,"132010Total","13 Madrid, Comunidad de","Total",2010,808,13,84.91
13,"Total",2011,978581,"132011Total","13 Madrid, Comunidad de","Total",2011,854,13,87.27
13,"Total",2012,1004837,"132012Total","13 Madrid, Comunidad de","Total",2012,943,13,93.85
13,"Total",2013,1036023,"132013Total","13 Madrid, Comunidad de","Total",2013,950,13,91.7
13,"Total",2014,1066992,"132014Total","13 Madrid, Comunidad de","Total",2014,1007,13,94.38
13,"Total",2015,1093146,"132015Total","13 Madrid, Comunidad de","Total",2015,1399,13,127.98
13,"Total",2016,1118140,"132016Total","13 Madrid, Comunidad de","Total",2016,1420,13,127
13,"Total",2017,1144305,"132017Total","13 Madrid, Comunidad de","Total",2017,1477,13,129.07
13,"Total",2018,1171707,"132018Total","13 Madrid, Comunidad de","Total",2018,1400,13,119.48
13,"Total",2019,1198669,"132019Total","13 Madrid, Comunidad de","Total",2019,1559,13,130.06
13,"Hombres",2002,322564,"132002Hombres","13 Madrid, Comunidad de","Hombres",2002,156,13,48.36
13,"Hombres",2003,328079,"132003Hombres","13 Madrid, Comunidad de","Hombres",2003,207,13,63.09
13,"Hombres",2004,331157,"132004Hombres","13 Madrid, Comunidad de","Hombres",2004,206,13,62.21
13,"Hombres",2005,337109,"132005Hombres","13 Madrid, Comunidad de","Hombres",2005,192,13,56.95
13,"Hombres",2006,346629,"132006Hombres","13 Madrid, Comunidad de","Hombres",2006,192,13,55.39
13,"Hombres",2007,353667,"132007Hombres","13 Madrid, Comunidad de","Hombres",2007,213,13,60.23
13,"Hombres",2008,363971,"132008Hombres","13 Madrid, Comunidad de","Hombres",2008,191,13,52.48
13,"Hombres",2009,376016,"132009Hombres","13 Madrid, Comunidad de","Hombres",2009,241,13,64.09
13,"Hombres",2010,388547,"132010Hombres","13 Madrid, Comunidad de","Hombres",2010,214,13,55.08
13,"Hombres",2011,400697,"132011Hombres","13 Madrid, Comunidad de","Hombres",2011,219,13,54.65
13,"Hombres",2012,412659,"132012Hombres","13 Madrid, Comunidad de","Hombres",2012,241,13,58.4
13,"Hombres",2013,426924,"132013Hombres","13 Madrid, Comunidad de","Hombres",2013,273,13,63.95
13,"Hombres",2014,440712,"132014Hombres","13 Madrid, Comunidad de","Hombres",2014,282,13,63.99
13,"Hombres",2015,452455,"132015Hombres","13 Madrid, Comunidad de","Hombres",2015,351,13,77.58
13,"Hombres",2016,463814,"132016Hombres","13 Madrid, Comunidad de","Hombres",2016,379,13,81.71
13,"Hombres",2017,475565,"132017Hombres","13 Madrid, Comunidad de","Hombres",2017,356,13,74.86
13,"Hombres",2018,487524,"132018Hombres","13 Madrid, Comunidad de","Hombres",2018,387,13,79.38
13,"Hombres",2019,499067,"132019Hombres","13 Madrid, Comunidad de","Hombres",2019,408,13,81.75
13,"Mujeres",2002,478700,"132002Mujeres","13 Madrid, Comunidad de","Mujeres",2002,401,13,83.77
13,"Mujeres",2003,487208,"132003Mujeres","13 Madrid, Comunidad de","Mujeres",2003,458,13,94.01
13,"Mujeres",2004,491722,"132004Mujeres","13 Madrid, Comunidad de","Mujeres",2004,517,13,105.14
13,"Mujeres",2005,499342,"132005Mujeres","13 Madrid, Comunidad de","Mujeres",2005,518,13,103.74
13,"Mujeres",2006,510813,"132006Mujeres","13 Madrid, Comunidad de","Mujeres",2006,484,13,94.75
13,"Mujeres",2007,519589,"132007Mujeres","13 Madrid, Comunidad de","Mujeres",2007,506,13,97.38
13,"Mujeres",2008,532411,"132008Mujeres","13 Madrid, Comunidad de","Mujeres",2008,514,13,96.54
13,"Mujeres",2009,547549,"132009Mujeres","13 Madrid, Comunidad de","Mujeres",2009,572,13,104.47
13,"Mujeres",2010,563050,"132010Mujeres","13 Madrid, Comunidad de","Mujeres",2010,594,13,105.5
13,"Mujeres",2011,577885,"132011Mujeres","13 Madrid, Comunidad de","Mujeres",2011,635,13,109.88
13,"Mujeres",2012,592182,"132012Mujeres","13 Madrid, Comunidad de","Mujeres",2012,702,13,118.54
13,"Mujeres",2013,609096,"132013Mujeres","13 Madrid, Comunidad de","Mujeres",2013,677,13,111.15
13,"Mujeres",2014,626284,"132014Mujeres","13 Madrid, Comunidad de","Mujeres",2014,725,13,115.76
13,"Mujeres",2015,640690,"132015Mujeres","13 Madrid, Comunidad de","Mujeres",2015,1048,13,163.57
13,"Mujeres",2016,654327,"132016Mujeres","13 Madrid, Comunidad de","Mujeres",2016,1041,13,159.09
13,"Mujeres",2017,668739,"132017Mujeres","13 Madrid, Comunidad de","Mujeres",2017,1121,13,167.63
13,"Mujeres",2018,684175,"132018Mujeres","13 Madrid, Comunidad de","Mujeres",2018,1013,13,148.06
13,"Mujeres",2019,699600,"132019Mujeres","13 Madrid, Comunidad de","Mujeres",2019,1151,13,164.52
14,"Total",2002,173331,"142002Total","14 Murcia, Región de","Total",2002,161,14,92.89
14,"Total",2003,177454,"142003Total","14 Murcia, Región de","Total",2003,200,14,112.71
14,"Total",2004,179789,"142004Total","14 Murcia, Región de","Total",2004,162,14,90.11
14,"Total",2005,182891,"142005Total","14 Murcia, Región de","Total",2005,216,14,118.1
14,"Total",2006,187402,"142006Total","14 Murcia, Región de","Total",2006,230,14,122.73
14,"Total",2007,190119,"142007Total","14 Murcia, Región de","Total",2007,276,14,145.17
14,"Total",2008,193028,"142008Total","14 Murcia, Región de","Total",2008,299,14,154.9
14,"Total",2009,196650,"142009Total","14 Murcia, Región de","Total",2009,339,14,172.39
14,"Total",2010,201418,"142010Total","14 Murcia, Región de","Total",2010,365,14,181.22
14,"Total",2011,206445,"142011Total","14 Murcia, Región de","Total",2011,361,14,174.86
14,"Total",2012,210224,"142012Total","14 Murcia, Región de","Total",2012,417,14,198.36
14,"Total",2013,215084,"142013Total","14 Murcia, Región de","Total",2013,356,14,165.52
14,"Total",2014,219913,"142014Total","14 Murcia, Región de","Total",2014,474,14,215.54
14,"Total",2015,223159,"142015Total","14 Murcia, Región de","Total",2015,550,14,246.46
14,"Total",2016,226660,"142016Total","14 Murcia, Región de","Total",2016,480,14,211.77
14,"Total",2017,229778,"142017Total","14 Murcia, Región de","Total",2017,517,14,225
14,"Total",2018,231938,"142018Total","14 Murcia, Región de","Total",2018,587,14,253.08
14,"Total",2019,236453,"142019Total","14 Murcia, Región de","Total",2019,601,14,254.17
14,"Hombres",2002,74709,"142002Hombres","14 Murcia, Región de","Hombres",2002,47,14,62.91
14,"Hombres",2003,76669,"142003Hombres","14 Murcia, Región de","Hombres",2003,74,14,96.52
14,"Hombres",2004,77710,"142004Hombres","14 Murcia, Región de","Hombres",2004,58,14,74.64
14,"Hombres",2005,79172,"142005Hombres","14 Murcia, Región de","Hombres",2005,66,14,83.36
14,"Hombres",2006,81329,"142006Hombres","14 Murcia, Región de","Hombres",2006,68,14,83.61
14,"Hombres",2007,82550,"142007Hombres","14 Murcia, Región de","Hombres",2007,88,14,106.6
14,"Hombres",2008,83973,"142008Hombres","14 Murcia, Región de","Hombres",2008,95,14,113.13
14,"Hombres",2009,85723,"142009Hombres","14 Murcia, Región de","Hombres",2009,113,14,131.82
14,"Hombres",2010,87832,"142010Hombres","14 Murcia, Región de","Hombres",2010,114,14,129.79
14,"Hombres",2011,90156,"142011Hombres","14 Murcia, Región de","Hombres",2011,117,14,129.78
14,"Hombres",2012,91886,"142012Hombres","14 Murcia, Región de","Hombres",2012,122,14,132.77
14,"Hombres",2013,94141,"142013Hombres","14 Murcia, Región de","Hombres",2013,106,14,112.6
14,"Hombres",2014,96523,"142014Hombres","14 Murcia, Región de","Hombres",2014,140,14,145.04
14,"Hombres",2015,98041,"142015Hombres","14 Murcia, Región de","Hombres",2015,154,14,157.08
14,"Hombres",2016,99550,"142016Hombres","14 Murcia, Región de","Hombres",2016,157,14,157.71
14,"Hombres",2017,101001,"142017Hombres","14 Murcia, Región de","Hombres",2017,152,14,150.49
14,"Hombres",2018,101874,"142018Hombres","14 Murcia, Región de","Hombres",2018,184,14,180.62
14,"Hombres",2019,104126,"142019Hombres","14 Murcia, Región de","Hombres",2019,173,14,166.14
14,"Mujeres",2002,98619,"142002Mujeres","14 Murcia, Región de","Mujeres",2002,114,14,115.6
14,"Mujeres",2003,100785,"142003Mujeres","14 Murcia, Región de","Mujeres",2003,126,14,125.02
14,"Mujeres",2004,102080,"142004Mujeres","14 Murcia, Región de","Mujeres",2004,104,14,101.88
14,"Mujeres",2005,103721,"142005Mujeres","14 Murcia, Región de","Mujeres",2005,150,14,144.62
14,"Mujeres",2006,106073,"142006Mujeres","14 Murcia, Región de","Mujeres",2006,162,14,152.73
14,"Mujeres",2007,107564,"142007Mujeres","14 Murcia, Región de","Mujeres",2007,188,14,174.78
14,"Mujeres",2008,109058,"142008Mujeres","14 Murcia, Región de","Mujeres",2008,204,14,187.06
14,"Mujeres",2009,110933,"142009Mujeres","14 Murcia, Región de","Mujeres",2009,226,14,203.73
14,"Mujeres",2010,113586,"142010Mujeres","14 Murcia, Región de","Mujeres",2010,251,14,220.98
14,"Mujeres",2011,116289,"142011Mujeres","14 Murcia, Región de","Mujeres",2011,244,14,209.82
14,"Mujeres",2012,118339,"142012Mujeres","14 Murcia, Región de","Mujeres",2012,295,14,249.28
14,"Mujeres",2013,120943,"142013Mujeres","14 Murcia, Región de","Mujeres",2013,250,14,206.71
14,"Mujeres",2014,123389,"142014Mujeres","14 Murcia, Región de","Mujeres",2014,334,14,270.69
14,"Mujeres",2015,125114,"142015Mujeres","14 Murcia, Región de","Mujeres",2015,396,14,316.51
14,"Mujeres",2016,127107,"142016Mujeres","14 Murcia, Región de","Mujeres",2016,323,14,254.12
14,"Mujeres",2017,128782,"142017Mujeres","14 Murcia, Región de","Mujeres",2017,365,14,283.42
14,"Mujeres",2018,130061,"142018Mujeres","14 Murcia, Región de","Mujeres",2018,403,14,309.85
14,"Mujeres",2019,132329,"142019Mujeres","14 Murcia, Región de","Mujeres",2019,428,14,323.44
15,"Total",2002,100949,"152002Total","15 Navarra, Comunidad Foral de","Total",2002,129,15,127.79
15,"Total",2003,101578,"152003Total","15 Navarra, Comunidad Foral de","Total",2003,166,15,163.42
15,"Total",2004,101770,"152004Total","15 Navarra, Comunidad Foral de","Total",2004,136,15,133.63
15,"Total",2005,102468,"152005Total","15 Navarra, Comunidad Foral de","Total",2005,149,15,145.41
15,"Total",2006,103938,"152006Total","15 Navarra, Comunidad Foral de","Total",2006,169,15,162.6
15,"Total",2007,105319,"152007Total","15 Navarra, Comunidad Foral de","Total",2007,188,15,178.51
15,"Total",2008,106928,"152008Total","15 Navarra, Comunidad Foral de","Total",2008,191,15,178.62
15,"Total",2009,108877,"152009Total","15 Navarra, Comunidad Foral de","Total",2009,200,15,183.69
15,"Total",2010,111264,"152010Total","15 Navarra, Comunidad Foral de","Total",2010,210,15,188.74
15,"Total",2011,113704,"152011Total","15 Navarra, Comunidad Foral de","Total",2011,232,15,204.04
15,"Total",2012,115585,"152012Total","15 Navarra, Comunidad Foral de","Total",2012,254,15,219.75
15,"Total",2013,117921,"152013Total","15 Navarra, Comunidad Foral de","Total",2013,252,15,213.7
15,"Total",2014,120308,"152014Total","15 Navarra, Comunidad Foral de","Total",2014,288,15,239.39
15,"Total",2015,122074,"152015Total","15 Navarra, Comunidad Foral de","Total",2015,307,15,251.49
15,"Total",2016,123812,"152016Total","15 Navarra, Comunidad Foral de","Total",2016,319,15,257.65
15,"Total",2017,125666,"152017Total","15 Navarra, Comunidad Foral de","Total",2017,362,15,288.07
15,"Total",2018,127562,"152018Total","15 Navarra, Comunidad Foral de","Total",2018,343,15,268.89
15,"Total",2019,129765,"152019Total","15 Navarra, Comunidad Foral de","Total",2019,309,15,238.12
15,"Hombres",2002,43116,"152002Hombres","15 Navarra, Comunidad Foral de","Hombres",2002,33,15,76.54
15,"Hombres",2003,43327,"152003Hombres","15 Navarra, Comunidad Foral de","Hombres",2003,44,15,101.55
15,"Hombres",2004,43307,"152004Hombres","15 Navarra, Comunidad Foral de","Hombres",2004,37,15,85.44
15,"Hombres",2005,43618,"152005Hombres","15 Navarra, Comunidad Foral de","Hombres",2005,39,15,89.41
15,"Hombres",2006,44273,"152006Hombres","15 Navarra, Comunidad Foral de","Hombres",2006,46,15,103.9
15,"Hombres",2007,44980,"152007Hombres","15 Navarra, Comunidad Foral de","Hombres",2007,65,15,144.51
15,"Hombres",2008,45793,"152008Hombres","15 Navarra, Comunidad Foral de","Hombres",2008,57,15,124.47
15,"Hombres",2009,46773,"152009Hombres","15 Navarra, Comunidad Foral de","Hombres",2009,55,15,117.59
15,"Hombres",2010,47929,"152010Hombres","15 Navarra, Comunidad Foral de","Hombres",2010,58,15,121.01
15,"Hombres",2011,49197,"152011Hombres","15 Navarra, Comunidad Foral de","Hombres",2011,58,15,117.89
15,"Hombres",2012,50183,"152012Hombres","15 Navarra, Comunidad Foral de","Hombres",2012,72,15,143.47
15,"Hombres",2013,51362,"152013Hombres","15 Navarra, Comunidad Foral de","Hombres",2013,70,15,136.29
15,"Hombres",2014,52550,"152014Hombres","15 Navarra, Comunidad Foral de","Hombres",2014,73,15,138.92
15,"Hombres",2015,53549,"152015Hombres","15 Navarra, Comunidad Foral de","Hombres",2015,95,15,177.41
15,"Hombres",2016,54429,"152016Hombres","15 Navarra, Comunidad Foral de","Hombres",2016,98,15,180.05
15,"Hombres",2017,55337,"152017Hombres","15 Navarra, Comunidad Foral de","Hombres",2017,115,15,207.82
15,"Hombres",2018,56298,"152018Hombres","15 Navarra, Comunidad Foral de","Hombres",2018,87,15,154.53
15,"Hombres",2019,57421,"152019Hombres","15 Navarra, Comunidad Foral de","Hombres",2019,77,15,134.1
15,"Mujeres",2002,57833,"152002Mujeres","15 Navarra, Comunidad Foral de","Mujeres",2002,96,15,166
15,"Mujeres",2003,58259,"152003Mujeres","15 Navarra, Comunidad Foral de","Mujeres",2003,122,15,209.41
15,"Mujeres",2004,58460,"152004Mujeres","15 Navarra, Comunidad Foral de","Mujeres",2004,99,15,169.35
15,"Mujeres",2005,58848,"152005Mujeres","15 Navarra, Comunidad Foral de","Mujeres",2005,110,15,186.92
15,"Mujeres",2006,59672,"152006Mujeres","15 Navarra, Comunidad Foral de","Mujeres",2006,123,15,206.13
15,"Mujeres",2007,60337,"152007Mujeres","15 Navarra, Comunidad Foral de","Mujeres",2007,123,15,203.86
15,"Mujeres",2008,61140,"152008Mujeres","15 Navarra, Comunidad Foral de","Mujeres",2008,134,15,219.17
15,"Mujeres",2009,62109,"152009Mujeres","15 Navarra, Comunidad Foral de","Mujeres",2009,145,15,233.46
15,"Mujeres",2010,63336,"152010Mujeres","15 Navarra, Comunidad Foral de","Mujeres",2010,152,15,239.99
15,"Mujeres",2011,64512,"152011Mujeres","15 Navarra, Comunidad Foral de","Mujeres",2011,174,15,269.72
15,"Mujeres",2012,65397,"152012Mujeres","15 Navarra, Comunidad Foral de","Mujeres",2012,182,15,278.3
15,"Mujeres",2013,66557,"152013Mujeres","15 Navarra, Comunidad Foral de","Mujeres",2013,182,15,273.45
15,"Mujeres",2014,67754,"152014Mujeres","15 Navarra, Comunidad Foral de","Mujeres",2014,215,15,317.32
15,"Mujeres",2015,68523,"152015Mujeres","15 Navarra, Comunidad Foral de","Mujeres",2015,212,15,309.39
15,"Mujeres",2016,69381,"152016Mujeres","15 Navarra, Comunidad Foral de","Mujeres",2016,221,15,318.53
15,"Mujeres",2017,70329,"152017Mujeres","15 Navarra, Comunidad Foral de","Mujeres",2017,247,15,351.21
15,"Mujeres",2018,71261,"152018Mujeres","15 Navarra, Comunidad Foral de","Mujeres",2018,256,15,359.24
15,"Mujeres",2019,72342,"152019Mujeres","15 Navarra, Comunidad Foral de","Mujeres",2019,232,15,320.7
16,"Total",2002,376624,"162002Total","16 País Vasco","Total",2002,430,16,114.17
16,"Total",2003,380685,"162003Total","16 País Vasco","Total",2003,511,16,134.23
16,"Total",2004,382540,"162004Total","16 País Vasco","Total",2004,486,16,127.05
16,"Total",2005,385832,"162005Total","16 País Vasco","Total",2005,481,16,124.67
16,"Total",2006,392129,"162006Total","16 País Vasco","Total",2006,511,16,130.31
16,"Total",2007,396834,"162007Total","16 País Vasco","Total",2007,564,16,142.12
16,"Total",2008,403315,"162008Total","16 País Vasco","Total",2008,594,16,147.28
16,"Total",2009,411574,"162009Total","16 País Vasco","Total",2009,632,16,153.56
16,"Total",2010,420825,"162010Total","16 País Vasco","Total",2010,645,16,153.27
16,"Total",2011,430033,"162011Total","16 País Vasco","Total",2011,649,16,150.92
16,"Total",2012,437862,"162012Total","16 País Vasco","Total",2012,664,16,151.65
16,"Total",2013,448097,"162013Total","16 País Vasco","Total",2013,677,16,151.08
16,"Total",2014,457787,"162014Total","16 País Vasco","Total",2014,691,16,150.94
16,"Total",2015,465508,"162015Total","16 País Vasco","Total",2015,790,16,169.71
16,"Total",2016,473137,"162016Total","16 País Vasco","Total",2016,762,16,161.05
16,"Total",2017,480127,"162017Total","16 País Vasco","Total",2017,711,16,148.09
16,"Total",2018,487901,"162018Total","16 País Vasco","Total",2018,716,16,146.75
16,"Total",2019,495802,"162019Total","16 País Vasco","Total",2019,671,16,135.34
16,"Hombres",2002,156669,"162002Hombres","16 País Vasco","Hombres",2002,139,16,88.72
16,"Hombres",2003,158291,"162003Hombres","16 País Vasco","Hombres",2003,123,16,77.7
16,"Hombres",2004,159111,"162004Hombres","16 País Vasco","Hombres",2004,141,16,88.62
16,"Hombres",2005,160414,"162005Hombres","16 País Vasco","Hombres",2005,147,16,91.64
16,"Hombres",2006,163102,"162006Hombres","16 País Vasco","Hombres",2006,158,16,96.87
16,"Hombres",2007,165227,"162007Hombres","16 País Vasco","Hombres",2007,141,16,85.34
16,"Hombres",2008,168176,"162008Hombres","16 País Vasco","Hombres",2008,175,16,104.06
16,"Hombres",2009,171917,"162009Hombres","16 País Vasco","Hombres",2009,184,16,107.03
16,"Hombres",2010,176177,"162010Hombres","16 País Vasco","Hombres",2010,176,16,99.9
16,"Hombres",2011,180229,"162011Hombres","16 País Vasco","Hombres",2011,178,16,98.76
16,"Hombres",2012,184045,"162012Hombres","16 País Vasco","Hombres",2012,172,16,93.46
16,"Hombres",2013,188912,"162013Hombres","16 País Vasco","Hombres",2013,211,16,111.69
16,"Hombres",2014,193419,"162014Hombres","16 País Vasco","Hombres",2014,208,16,107.54
16,"Hombres",2015,197041,"162015Hombres","16 País Vasco","Hombres",2015,224,16,113.68
16,"Hombres",2016,200616,"162016Hombres","16 País Vasco","Hombres",2016,239,16,119.13
16,"Hombres",2017,203999,"162017Hombres","16 País Vasco","Hombres",2017,183,16,89.71
16,"Hombres",2018,207722,"162018Hombres","16 País Vasco","Hombres",2018,202,16,97.25
16,"Hombres",2019,211337,"162019Hombres","16 País Vasco","Hombres",2019,177,16,83.75
16,"Mujeres",2002,219945,"162002Mujeres","16 País Vasco","Mujeres",2002,291,16,132.31
16,"Mujeres",2003,222394,"162003Mujeres","16 País Vasco","Mujeres",2003,388,16,174.47
16,"Mujeres",2004,223428,"162004Mujeres","16 País Vasco","Mujeres",2004,345,16,154.41
16,"Mujeres",2005,225410,"162005Mujeres","16 País Vasco","Mujeres",2005,334,16,148.17
16,"Mujeres",2006,229027,"162006Mujeres","16 País Vasco","Mujeres",2006,353,16,154.13
16,"Mujeres",2007,231606,"162007Mujeres","16 País Vasco","Mujeres",2007,423,16,182.64
16,"Mujeres",2008,235142,"162008Mujeres","16 País Vasco","Mujeres",2008,419,16,178.19
16,"Mujeres",2009,239664,"162009Mujeres","16 País Vasco","Mujeres",2009,448,16,186.93
16,"Mujeres",2010,244644,"162010Mujeres","16 País Vasco","Mujeres",2010,469,16,191.71
16,"Mujeres",2011,249796,"162011Mujeres","16 País Vasco","Mujeres",2011,471,16,188.55
16,"Mujeres",2012,253805,"162012Mujeres","16 País Vasco","Mujeres",2012,492,16,193.85
16,"Mujeres",2013,259181,"162013Mujeres","16 País Vasco","Mujeres",2013,466,16,179.8
16,"Mujeres",2014,264373,"162014Mujeres","16 País Vasco","Mujeres",2014,483,16,182.7
16,"Mujeres",2015,268467,"162015Mujeres","16 País Vasco","Mujeres",2015,566,16,210.83
16,"Mujeres",2016,272508,"162016Mujeres","16 País Vasco","Mujeres",2016,523,16,191.92
16,"Mujeres",2017,276129,"162017Mujeres","16 País Vasco","Mujeres",2017,528,16,191.21
16,"Mujeres",2018,280177,"162018Mujeres","16 País Vasco","Mujeres",2018,514,16,183.46
16,"Mujeres",2019,284462,"162019Mujeres","16 País Vasco","Mujeres",2019,494,16,173.66
17,"Total",2002,54464,"172002Total","17 Rioja, La","Total",2002,55,17,100.98
17,"Total",2003,54808,"172003Total","17 Rioja, La","Total",2003,75,17,136.84
17,"Total",2004,54749,"172004Total","17 Rioja, La","Total",2004,82,17,149.77
17,"Total",2005,55021,"172005Total","17 Rioja, La","Total",2005,92,17,167.21
17,"Total",2006,55731,"172006Total","17 Rioja, La","Total",2006,98,17,175.84
17,"Total",2007,56363,"172007Total","17 Rioja, La","Total",2007,101,17,179.2
17,"Total",2008,57054,"172008Total","17 Rioja, La","Total",2008,111,17,194.55
17,"Total",2009,57890,"172009Total","17 Rioja, La","Total",2009,111,17,191.74
17,"Total",2010,58746,"172010Total","17 Rioja, La","Total",2010,112,17,190.65
17,"Total",2011,59657,"172011Total","17 Rioja, La","Total",2011,155,17,259.82
17,"Total",2012,60334,"172012Total","17 Rioja, La","Total",2012,129,17,213.81
17,"Total",2013,61237,"172013Total","17 Rioja, La","Total",2013,156,17,254.75
17,"Total",2014,62256,"172014Total","17 Rioja, La","Total",2014,142,17,228.09
17,"Total",2015,63065,"172015Total","17 Rioja, La","Total",2015,147,17,233.09
17,"Total",2016,63931,"172016Total","17 Rioja, La","Total",2016,136,17,212.73
17,"Total",2017,64769,"172017Total","17 Rioja, La","Total",2017,104,17,160.57
17,"Total",2018,65660,"172018Total","17 Rioja, La","Total",2018,108,17,164.48
17,"Total",2019,66619,"172019Total","17 Rioja, La","Total",2019,142,17,213.15
17,"Hombres",2002,23647,"172002Hombres","17 Rioja, La","Hombres",2002,17,17,71.89
17,"Hombres",2003,23766,"172003Hombres","17 Rioja, La","Hombres",2003,23,17,96.78
17,"Hombres",2004,23710,"172004Hombres","17 Rioja, La","Hombres",2004,30,17,126.53
17,"Hombres",2005,23826,"172005Hombres","17 Rioja, La","Hombres",2005,29,17,121.72
17,"Hombres",2006,24165,"172006Hombres","17 Rioja, La","Hombres",2006,29,17,120.01
17,"Hombres",2007,24464,"172007Hombres","17 Rioja, La","Hombres",2007,30,17,122.63
17,"Hombres",2008,24824,"172008Hombres","17 Rioja, La","Hombres",2008,36,17,145.02
17,"Hombres",2009,25236,"172009Hombres","17 Rioja, La","Hombres",2009,29,17,114.92
17,"Hombres",2010,25652,"172010Hombres","17 Rioja, La","Hombres",2010,30,17,116.95
17,"Hombres",2011,26120,"172011Hombres","17 Rioja, La","Hombres",2011,52,17,199.08
17,"Hombres",2012,26457,"172012Hombres","17 Rioja, La","Hombres",2012,46,17,173.87
17,"Hombres",2013,26845,"172013Hombres","17 Rioja, La","Hombres",2013,48,17,178.8
17,"Hombres",2014,27349,"172014Hombres","17 Rioja, La","Hombres",2014,40,17,146.26
17,"Hombres",2015,27829,"172015Hombres","17 Rioja, La","Hombres",2015,44,17,158.11
17,"Hombres",2016,28284,"172016Hombres","17 Rioja, La","Hombres",2016,43,17,152.03
17,"Hombres",2017,28720,"172017Hombres","17 Rioja, La","Hombres",2017,28,17,97.49
17,"Hombres",2018,29196,"172018Hombres","17 Rioja, La","Hombres",2018,25,17,85.63
17,"Hombres",2019,29670,"172019Hombres","17 Rioja, La","Hombres",2019,44,17,148.3
17,"Mujeres",2002,30815,"172002Mujeres","17 Rioja, La","Mujeres",2002,38,17,123.32
17,"Mujeres",2003,31044,"172003Mujeres","17 Rioja, La","Mujeres",2003,52,17,167.5
17,"Mujeres",2004,31040,"172004Mujeres","17 Rioja, La","Mujeres",2004,52,17,167.53
17,"Mujeres",2005,31195,"172005Mujeres","17 Rioja, La","Mujeres",2005,63,17,201.96
17,"Mujeres",2006,31563,"172006Mujeres","17 Rioja, La","Mujeres",2006,69,17,218.61
17,"Mujeres",2007,31897,"172007Mujeres","17 Rioja, La","Mujeres",2007,71,17,222.59
17,"Mujeres",2008,32228,"172008Mujeres","17 Rioja, La","Mujeres",2008,75,17,232.72
17,"Mujeres",2009,32656,"172009Mujeres","17 Rioja, La","Mujeres",2009,82,17,251.1
17,"Mujeres",2010,33095,"172010Mujeres","17 Rioja, La","Mujeres",2010,82,17,247.77
17,"Mujeres",2011,33537,"172011Mujeres","17 Rioja, La","Mujeres",2011,103,17,307.12
17,"Mujeres",2012,33881,"172012Mujeres","17 Rioja, La","Mujeres",2012,83,17,244.98
17,"Mujeres",2013,34392,"172013Mujeres","17 Rioja, La","Mujeres",2013,108,17,314.03
17,"Mujeres",2014,34908,"172014Mujeres","17 Rioja, La","Mujeres",2014,102,17,292.2
17,"Mujeres",2015,35239,"172015Mujeres","17 Rioja, La","Mujeres",2015,103,17,292.29
17,"Mujeres",2016,35649,"172016Mujeres","17 Rioja, La","Mujeres",2016,93,17,260.88
17,"Mujeres",2017,36046,"172017Mujeres","17 Rioja, La","Mujeres",2017,76,17,210.84
17,"Mujeres",2018,36465,"172018Mujeres","17 Rioja, La","Mujeres",2018,83,17,227.62
17,"Mujeres",2019,36955,"172019Mujeres","17 Rioja, La","Mujeres",2019,98,17,265.19
18,"Total",2002,7791,"182002Total","18 Ceuta","Total",2002,10,18,128.35
18,"Total",2003,7890,"182003Total","18 Ceuta","Total",2003,12,18,152.09
18,"Total",2004,8016,"182004Total","18 Ceuta","Total",2004,8,18,99.8
18,"Total",2005,8142,"182005Total","18 Ceuta","Total",2005,6,18,73.69
18,"Total",2006,8292,"182006Total","18 Ceuta","Total",2006,12,18,144.72
18,"Total",2007,8421,"182007Total","18 Ceuta","Total",2007,20,18,237.5
18,"Total",2008,8567,"182008Total","18 Ceuta","Total",2008,14,18,163.42
18,"Total",2009,8702,"182009Total","18 Ceuta","Total",2009,12,18,137.9
18,"Total",2010,8869,"182010Total","18 Ceuta","Total",2010,16,18,180.4
18,"Total",2011,9036,"182011Total","18 Ceuta","Total",2011,16,18,177.07
18,"Total",2012,9120,"182012Total","18 Ceuta","Total",2012,13,18,142.54
18,"Total",2013,9228,"182013Total","18 Ceuta","Total",2013,11,18,119.2
18,"Total",2014,9325,"182014Total","18 Ceuta","Total",2014,12,18,128.69
18,"Total",2015,9497,"182015Total","18 Ceuta","Total",2015,18,18,189.53
18,"Total",2016,9653,"182016Total","18 Ceuta","Total",2016,17,18,176.11
18,"Total",2017,9843,"182017Total","18 Ceuta","Total",2017,15,18,152.39
18,"Total",2018,10054,"182018Total","18 Ceuta","Total",2018,22,18,218.82
18,"Total",2019,10330,"182019Total","18 Ceuta","Total",2019,20,18,193.61
18,"Hombres",2002,3286,"182002Hombres","18 Ceuta","Hombres",2002,4,18,121.73
18,"Hombres",2003,3336,"182003Hombres","18 Ceuta","Hombres",2003,7,18,209.83
18,"Hombres",2004,3386,"182004Hombres","18 Ceuta","Hombres",2004,1,18,29.53
18,"Hombres",2005,3449,"182005Hombres","18 Ceuta","Hombres",2005,1,18,28.99
18,"Hombres",2006,3530,"182006Hombres","18 Ceuta","Hombres",2006,2,18,56.66
18,"Hombres",2007,3609,"182007Hombres","18 Ceuta","Hombres",2007,5,18,138.54
18,"Hombres",2008,3701,"182008Hombres","18 Ceuta","Hombres",2008,1,18,27.02
18,"Hombres",2009,3779,"182009Hombres","18 Ceuta","Hombres",2009,2,18,52.92
18,"Hombres",2010,3844,"182010Hombres","18 Ceuta","Hombres",2010,3,18,78.04
18,"Hombres",2011,3928,"182011Hombres","18 Ceuta","Hombres",2011,1,18,25.46
18,"Hombres",2012,3982,"182012Hombres","18 Ceuta","Hombres",2012,3,18,75.34
18,"Hombres",2013,4031,"182013Hombres","18 Ceuta","Hombres",2013,1,18,24.81
18,"Hombres",2014,4074,"182014Hombres","18 Ceuta","Hombres",2014,4,18,98.18
18,"Hombres",2015,4169,"182015Hombres","18 Ceuta","Hombres",2015,4,18,95.95
18,"Hombres",2016,4268,"182016Hombres","18 Ceuta","Hombres",2016,4,18,93.72
18,"Hombres",2017,4391,"182017Hombres","18 Ceuta","Hombres",2017,2,18,45.55
18,"Hombres",2018,4510,"182018Hombres","18 Ceuta","Hombres",2018,6,18,133.04
18,"Hombres",2019,4674,"182019Hombres","18 Ceuta","Hombres",2019,5,18,106.97
18,"Mujeres",2002,4506,"182002Mujeres","18 Ceuta","Mujeres",2002,6,18,133.16
18,"Mujeres",2003,4556,"182003Mujeres","18 Ceuta","Mujeres",2003,5,18,109.75
18,"Mujeres",2004,4627,"182004Mujeres","18 Ceuta","Mujeres",2004,7,18,151.29
18,"Mujeres",2005,4692,"182005Mujeres","18 Ceuta","Mujeres",2005,5,18,106.56
18,"Mujeres",2006,4762,"182006Mujeres","18 Ceuta","Mujeres",2006,10,18,210
18,"Mujeres",2007,4813,"182007Mujeres","18 Ceuta","Mujeres",2007,15,18,311.66
18,"Mujeres",2008,4867,"182008Mujeres","18 Ceuta","Mujeres",2008,13,18,267.1
18,"Mujeres",2009,4931,"182009Mujeres","18 Ceuta","Mujeres",2009,10,18,202.8
18,"Mujeres",2010,5018,"182010Mujeres","18 Ceuta","Mujeres",2010,13,18,259.07
18,"Mujeres",2011,5109,"182011Mujeres","18 Ceuta","Mujeres",2011,15,18,293.6
18,"Mujeres",2012,5139,"182012Mujeres","18 Ceuta","Mujeres",2012,10,18,194.59
18,"Mujeres",2013,5196,"182013Mujeres","18 Ceuta","Mujeres",2013,10,18,192.46
18,"Mujeres",2014,5252,"182014Mujeres","18 Ceuta","Mujeres",2014,8,18,152.32
18,"Mujeres",2015,5329,"182015Mujeres","18 Ceuta","Mujeres",2015,14,18,262.71
18,"Mujeres",2016,5384,"182016Mujeres","18 Ceuta","Mujeres",2016,13,18,241.46
18,"Mujeres",2017,5451,"182017Mujeres","18 Ceuta","Mujeres",2017,13,18,238.49
18,"Mujeres",2018,5544,"182018Mujeres","18 Ceuta","Mujeres",2018,16,18,288.6
18,"Mujeres",2019,5654,"182019Mujeres","18 Ceuta","Mujeres",2019,15,18,265.3
19,"Total",2002,6956,"192002Total","19 Melilla","Total",2002,9,19,129.38
19,"Total",2003,6993,"192003Total","19 Melilla","Total",2003,11,19,157.3
19,"Total",2004,6956,"192004Total","19 Melilla","Total",2004,12,19,172.51
19,"Total",2005,7103,"192005Total","19 Melilla","Total",2005,9,19,126.71
19,"Total",2006,7250,"192006Total","19 Melilla","Total",2006,9,19,124.14
19,"Total",2007,7366,"192007Total","19 Melilla","Total",2007,15,19,203.64
19,"Total",2008,7520,"192008Total","19 Melilla","Total",2008,9,19,119.68
19,"Total",2009,7694,"192009Total","19 Melilla","Total",2009,4,19,51.99
19,"Total",2010,7883,"192010Total","19 Melilla","Total",2010,6,19,76.11
19,"Total",2011,7973,"192011Total","19 Melilla","Total",2011,7,19,87.8
19,"Total",2012,8065,"192012Total","19 Melilla","Total",2012,11,19,136.39
19,"Total",2013,8173,"192013Total","19 Melilla","Total",2013,14,19,171.3
19,"Total",2014,8285,"192014Total","19 Melilla","Total",2014,14,19,168.98
19,"Total",2015,8402,"192015Total","19 Melilla","Total",2015,19,19,226.14
19,"Total",2016,8555,"192016Total","19 Melilla","Total",2016,16,19,187.03
19,"Total",2017,8741,"192017Total","19 Melilla","Total",2017,12,19,137.28
19,"Total",2018,8926,"192018Total","19 Melilla","Total",2018,17,19,190.45
19,"Total",2019,9211,"192019Total","19 Melilla","Total",2019,21,19,227.99
19,"Hombres",2002,2764,"192002Hombres","19 Melilla","Hombres",2002,3,19,108.54
19,"Hombres",2003,2791,"192003Hombres","19 Melilla","Hombres",2003,3,19,107.49
19,"Hombres",2004,2792,"192004Hombres","19 Melilla","Hombres",2004,4,19,143.27
19,"Hombres",2005,2886,"192005Hombres","19 Melilla","Hombres",2005,1,19,34.65
19,"Hombres",2006,2979,"192006Hombres","19 Melilla","Hombres",2006,3,19,100.7
19,"Hombres",2007,3029,"192007Hombres","19 Melilla","Hombres",2007,3,19,99.04
19,"Hombres",2008,3113,"192008Hombres","19 Melilla","Hombres",2008,4,19,128.49
19,"Hombres",2009,3209,"192009Hombres","19 Melilla","Hombres",2009,2,19,62.32
19,"Hombres",2010,3291,"192010Hombres","19 Melilla","Hombres",2010,1,19,30.39
19,"Hombres",2011,3356,"192011Hombres","19 Melilla","Hombres",2011,1,19,29.8
19,"Hombres",2012,3423,"192012Hombres","19 Melilla","Hombres",2012,5,19,146.07
19,"Hombres",2013,3485,"192013Hombres","19 Melilla","Hombres",2013,3,19,86.08
19,"Hombres",2014,3543,"192014Hombres","19 Melilla","Hombres",2014,7,19,197.57
19,"Hombres",2015,3634,"192015Hombres","19 Melilla","Hombres",2015,7,19,192.63
19,"Hombres",2016,3723,"192016Hombres","19 Melilla","Hombres",2016,6,19,161.16
19,"Hombres",2017,3837,"192017Hombres","19 Melilla","Hombres",2017,4,19,104.25
19,"Hombres",2018,3989,"192018Hombres","19 Melilla","Hombres",2018,5,19,125.34
19,"Hombres",2019,4167,"192019Hombres","19 Melilla","Hombres",2019,5,19,119.99
19,"Mujeres",2002,4199,"192002Mujeres","19 Melilla","Mujeres",2002,6,19,142.89
19,"Mujeres",2003,4202,"192003Mujeres","19 Melilla","Mujeres",2003,8,19,190.39
19,"Mujeres",2004,4164,"192004Mujeres","19 Melilla","Mujeres",2004,8,19,192.12
19,"Mujeres",2005,4217,"192005Mujeres","19 Melilla","Mujeres",2005,8,19,189.71
19,"Mujeres",2006,4275,"192006Mujeres","19 Melilla","Mujeres",2006,6,19,140.35
19,"Mujeres",2007,4337,"192007Mujeres","19 Melilla","Mujeres",2007,12,19,276.69
19,"Mujeres",2008,4410,"192008Mujeres","19 Melilla","Mujeres",2008,5,19,113.38
19,"Mujeres",2009,4485,"192009Mujeres","19 Melilla","Mujeres",2009,2,19,44.59
19,"Mujeres",2010,4593,"192010Mujeres","19 Melilla","Mujeres",2010,5,19,108.86
19,"Mujeres",2011,4619,"192011Mujeres","19 Melilla","Mujeres",2011,6,19,129.9
19,"Mujeres",2012,4644,"192012Mujeres","19 Melilla","Mujeres",2012,6,19,129.2
19,"Mujeres",2013,4694,"192013Mujeres","19 Melilla","Mujeres",2013,11,19,234.34
19,"Mujeres",2014,4747,"192014Mujeres","19 Melilla","Mujeres",2014,7,19,147.46
19,"Mujeres",2015,4769,"192015Mujeres","19 Melilla","Mujeres",2015,12,19,251.63
19,"Mujeres",2016,4833,"192016Mujeres","19 Melilla","Mujeres",2016,10,19,206.91
19,"Mujeres",2017,4901,"192017Mujeres","19 Melilla","Mujeres",2017,8,19,163.23
19,"Mujeres",2018,4941,"192018Mujeres","19 Melilla","Mujeres",2018,12,19,242.87
19,"Mujeres",2019,5044,"192019Mujeres","19 Melilla","Mujeres",2019,16,19,317.21
